"Constituent","BahMax.PctExp","BahMax.R2","BahMax.cumPctExp","BahMax.relImportance.lmg","BahMax.Amps","BahMax.phase","BahMax.sine","BahMax.cosine","BahMax.speed","BahMax.rank","BahMin.PctExp","BahMin.R2","BahMin.cumPctExp","BahMin.relImportance.lmg","BahMin.Amps","BahMin.phase","BahMin.sine","BahMin.cosine","BahMin.speed","BahMin.rank","MPNMin.PctExp","MPNMin.R2","MPNMin.cumPctExp","MPNMin.relImportance.lmg","MPNMin.Amps","MPNMin.phase","MPNMin.sine","MPNMin.cosine","MPNMin.speed","MPNMin.rank","MPNMax.PctExp","MPNMax.R2","MPNMax.cumPctExp","MPNMax.relImportance.lmg","MPNMax.Amps","MPNMax.phase","MPNMax.sine","MPNMax.cosine","MPNMax.speed","MPNMax.rank","San.PctExp","San.R2","San.cumPctExp","San.relImportance.lmg","San.Amps","San.phase","San.sine","San.cosine","San.speed","San.rank","SuaMax.PctExp","SuaMax.R2","SuaMax.cumPctExp","SuaMax.relImportance.lmg","SuaMax.Amps","SuaMax.phase","SuaMax.sine","SuaMax.cosine","SuaMax.speed","SuaMax.rank","Tor.PctExp","Tor.R2","Tor.cumPctExp","Tor.relImportance.lmg","Tor.Amps","Tor.phase","Tor.sine","Tor.cosine","Tor.speed","Tor.rank","AvgRank.x","LevMin.PctExp","LevMin.R2","LevMin.cumPctExp","LevMin.relImportance.lmg","LevMin.Amps","LevMin.phase","LevMin.sine","LevMin.cosine","LevMin.speed","LevMin.rank","LevMid.PctExp","LevMid.R2","LevMid.cumPctExp","LevMid.relImportance.lmg","LevMid.Amps","LevMid.phase","LevMid.sine","LevMid.cosine","LevMid.speed","LevMid.rank","AvgRank.y","PonMin.PctExp","PonMin.R2","PonMin.cumPctExp","PonMin.relImportance.lmg","PonMin.Amps","PonMin.phase","PonMin.sine","PonMin.cosine","PonMin.speed","PonMin.rank","PonMid.PctExp","PonMid.R2","PonMid.cumPctExp","PonMid.relImportance.lmg","PonMid.Amps","PonMid.phase","PonMid.sine","PonMid.cosine","PonMid.speed","PonMid.rank","PonMax.PctExp","PonMax.R2","PonMax.cumPctExp","PonMax.relImportance.lmg","PonMax.Amps","PonMax.phase","PonMax.sine","PonMax.cosine","PonMax.speed","PonMax.rank","AvgRank"
"1k1j.2",0.0017063726545305,0.901643518492271,90.4941487443696,NA,0.0013828899775031,34.2959302968274,0.000354817175220401,0.000520221898345435,30.626511822,56,0.00388009400953017,0.898855939821536,90.4908785863466,NA,0.00130248569676514,36.857198234763,0.000329467313679326,0.000439492659565739,30.626511822,58,0.000415704141395961,0.892299359055317,89.7395375465536,NA,0.00209015592009909,170.095096873933,0.00016382110532665,-0.000938178576770829,30.626511822,57,2.36509203137858e-06,0.744232838904587,75.8472434098985,NA,0.00651175044451696,194.643894018292,-0.000552349886323378,-0.00211386366694429,30.626511822,35,0.000118115859096695,0.598154838966737,62.6494348466974,NA,0.00256531100870111,220.539158229293,-0.000393313050062878,-0.000459873614651712,30.626511822,34,0.00440550710011525,0.671500824608219,76.471568322733,NA,0.00676317125811288,270.769818867902,-0.00167660344762489,2.25279881047173e-05,30.626511822,34,4.49347287680196e-05,0.832820528045951,84.7807629534152,NA,0.00469674783438841,208.705707736799,-0.000949579255942706,-0.00173403188012527,30.626511822,37,42.2222222222222,NA,NA,NA,NA,NA,NA,NA,NA,NA,NA,NA,NA,NA,NA,NA,NA,NA,NA,NA,NA,NA,0.0192193322287879,0.731167841631447,90.4149522899273,NA,0.00422097085891291,192.050439896635,-0.00028162408505494,-0.0013192254072864,30.626511822,40,NA,NA,NA,NA,NA,NA,NA,NA,NA,NA,NA,NA,NA,NA,NA,NA,NA,NA,NA,NA,40
"1M.1p1",0.00444004240723779,0.901647892035018,90.4985887867769,NA,0.00734000709605251,195.766436967715,-0.000646349665146162,-0.00228926897984338,14.02517286,29,0.00100743742697725,0.898773458208728,90.4918860237736,NA,0.00744077639733456,157.051020009341,0.000872452642622111,-0.00206046898461433,14.02517286,37,0.00354792052864538,0.892298195566102,89.7430854670822,NA,0.00885499168922551,24.2880879443337,0.00118312386771653,0.00262178210397649,14.02517286,30,0.228240176369642,0.746350903989248,76.0754835862682,NA,0.0238479172430886,6.61326474397449,0.000659926579855647,0.00569203672389907,14.02517286,17,0.00295746197772186,0.598165345738175,62.6523923086751,NA,0.00131487360003944,131.66150776551,0.000169832283474561,-0.000151110499235582,14.02517286,49,0.487468278309926,0.674368711772948,76.9590366010429,NA,0.0113062061411349,73.9651109110535,0.00267671871889269,0.000769301000650954,14.02517286,27,0.00883444245999013,0.832908744534463,84.7895973958751,NA,0.00748986305153919,64.9717696812754,0.00207797427676943,0.000970222075436852,14.02517286,28,31.4444444444444,NA,NA,NA,NA,NA,NA,NA,NA,NA,NA,0.305617888256211,0.566677368730933,58.4765168321931,0.0476948014207768,0.0761869988526375,15.8169835239602,0.00315883378814002,0.0111504652668995,14.02517286,4,4,0.0258217137421035,0.729046380875585,90.4407740036694,NA,0.00378474793846009,130.584538227286,0.000713004814320348,-0.000610785353235558,14.02517286,42,0.00101237465026282,0.758171655396072,78.8130833816979,NA,0.00748152407280344,315.83598652661,-0.00121702618468997,0.00125306920622693,14.02517286,11,NA,NA,NA,NA,NA,NA,NA,NA,NA,NA,26.5
"1M1K.1S2",0.17055123214718,0.902914648261639,90.669140018924,NA,0.0383018270994453,133.609114560975,0.0111870793028986,-0.0106567056492071,29.06624146,13,0.00903751020208396,0.898736276561749,90.5009235339757,NA,0.00889165761294777,235.015804775008,-0.002904072751421,-0.00203226002803133,29.06624146,34,0.00085373097850088,0.891915944660857,89.7439391980607,NA,0.0109968902225171,291.337886047352,-0.00427864350860566,0.00167143349518163,29.06624146,25,0.00377691941315102,0.746363574625147,76.0792605056813,NA,0.0018008346009456,7.90014079830228,7.96549507749689e-05,0.000574031932675883,29.06624146,55,2.97733019171854e-05,0.598135417150066,62.652422081977,NA,0.00171321391891318,325.450211733213,-0.000219737759620579,0.000319125989196585,29.06624146,46,0.103374382848259,0.634365928681775,64.0907177185245,0.0290724188075779,0.036167861159243,262.13861542687,-0.00804454408916396,-0.00111074710739535,29.06624146,5,0.0771606683994746,0.833708162927579,84.8667580642746,NA,0.0177913471025969,213.941659793634,-0.00388148117383546,-0.00576719079931904,29.06624146,13,32.4444444444444,NA,NA,NA,NA,NA,NA,NA,NA,NA,NA,0.0631509487206249,0.541184014622704,67.368116958661,NA,0.0345668957860947,62.8195490480131,0.00648181531904833,0.00332840538584065,29.06624146,17,17,1.78648913272742,0.731835884260656,92.2272631363969,NA,0.00598399154901702,229.816510238179,-0.00140370035657515,-0.00118552559332324,29.06624146,34,NA,NA,NA,NA,NA,NA,NA,NA,NA,NA,NA,NA,NA,NA,NA,NA,NA,NA,NA,NA,34
"1M1k.3",0.000321579719498324,0.902917459503848,90.6694615986435,NA,0.001120273282149,243.122220701356,-0.000369382199356777,-0.000187218193950947,44.0251728,57,0.176945642711063,0.90051014775182,90.6778691766867,NA,0.0292050768567848,121.659738959456,0.0080918493233054,-0.00498977644972899,44.0251728,17,0.0101423708924121,0.892012699012522,89.7540815689531,NA,0.00716409242761785,223.970253349898,-0.00182580543954324,-0.00189264232507613,44.0251728,35,0.326308071307594,0.749569406174823,76.4055685769889,NA,0.032354671018486,108.938331509093,0.00808226750169914,-0.00277322101080394,44.0251728,14,0.00673786687981552,0.59818520192038,62.6591599488568,NA,0.00341832073484396,162.979700702737,0.000189825775199765,-0.00062010628341164,44.0251728,28,0.844733025552652,0.681149163162243,77.8037696265956,NA,0.0242095078659952,217.846423260496,-0.00350825512700447,-0.00451525630420977,44.0251728,14,0.00307809818611351,0.833737316525032,84.8698361624607,NA,0.00256928084967091,187.771676520985,-0.000119368745711048,-0.000874628423726682,44.0251728,49,28.4444444444444,4.3236027317036,0.823049759001284,83.368866948121,NA,0.0868346400765527,201.650977690027,-0.00521808198639535,-0.0131451881466573,44.0251728,11,0.431663491026267,0.545252909199917,67.7997804496873,NA,0.0258326749227293,145.137623916344,0.00280427493684502,-0.00402546448752685,44.0251728,19,15,0.00726863990865141,0.731514832313438,92.2345317763055,NA,0.00322682801658142,139.156219975904,0.00057530263152032,-0.000665465834478539,44.0251728,46,0.000476298415359395,0.758159050099242,78.8135596801133,NA,0.00227354342267382,137.478653228938,0.00039999455841133,-0.000436191084313662,44.0251728,16,NA,NA,NA,NA,NA,NA,NA,NA,NA,NA,31
"1M1K.4",0.0024113174167177,0.90290626517324,90.6718729160603,NA,0.00676379978399134,298.896529345709,-0.00252050838753149,0.00139119618452552,59.0662414,31,0.00644523078747689,0.900559459618762,90.6843144074742,NA,0.00575608119304766,250.267904393375,-0.00214811577302146,-0.000770494657379167,59.0662414,45,0.000108075348922613,0.891991952825375,89.754189644302,NA,0.00373755343359829,106.767814780829,0.00153716573785803,-0.000463155663194643,59.0662414,46,0.00367799059563137,0.749544021590936,76.4092465675845,NA,0.00385502516310486,79.4613282856651,0.0012191692492817,0.000226810913917824,59.0662414,43,5.07590512980165e-05,0.598182818200554,62.6592107079081,NA,0.00217550618597809,310.533428257253,-0.000368141437087952,0.000314794138497083,59.0662414,40,0.0304465866977566,0.681320101225532,77.8342162132933,NA,0.00856391328791495,223.556315214283,-0.00145656870055314,-0.00153188486286635,59.0662414,30,0.000621766091068242,0.833742696897048,84.8704579285518,NA,0.000914024035415661,283.458339490175,-0.000358735791788142,8.58490160184338e-05,59.0662414,57,41.6666666666667,NA,NA,NA,NA,NA,NA,NA,NA,NA,NA,NA,NA,NA,NA,NA,NA,NA,NA,NA,NA,NA,0.0154334603486135,0.731563711779999,92.2499652366541,NA,0.00188660171408519,299.010814696089,-0.000506039262630926,0.000280627020774195,59.0662414,52,NA,NA,NA,NA,NA,NA,NA,NA,NA,NA,NA,NA,NA,NA,NA,NA,NA,NA,NA,NA,52
"1M1N.1S2",0.00477226420044426,0.902945080418757,90.6766451802607,NA,0.00537088544890149,325.806149627303,-0.000947099575416575,0.00139393650698995,27.423833838,37,0.00917764596661938,0.900605889398027,90.6934920534408,NA,0.00640282659936682,2.25531659180073,7.32990918728949e-05,0.00186118407799943,27.423833838,43,0.0016685102909464,0.891899716995306,89.755858154593,NA,0.00455535182605021,260.50777592785,-0.00141799571931007,-0.000237093274651125,27.423833838,41,0.011891678241568,0.749585553639978,76.4211382458261,NA,0.00101479847115832,42.0765209256551,0.000163608051774246,0.000181217849139289,27.423833838,58,0.00256233922409766,0.598199737412459,62.6617730471322,NA,0.00282427242328037,19.0651284128432,0.000152361574177424,0.000440861563983347,27.423833838,32,0.0379953861102602,0.681348855358035,77.8722115994036,NA,0.00182032433318032,180.016241084305,-1.29005050464593e-07,-0.000455107835813606,27.423833838,53,0.00549334184802869,0.833789303166612,84.8759512703998,NA,0.00313139500183887,355.08357440577,-7.99188525241789e-05,0.000929083324898451,27.423833838,45,44.3333333333333,NA,NA,NA,NA,NA,NA,NA,NA,NA,NA,NA,NA,NA,NA,NA,NA,NA,NA,NA,NA,NA,0.235685072744458,0.730305060302928,92.4856503093986,NA,0.00654016109963117,207.248545205531,-0.000707976151787871,-0.0013747063896564,27.423833838,32,NA,NA,NA,NA,NA,NA,NA,NA,NA,NA,0.000362486669767063,0.490801246483695,67.4565361284135,NA,0.000770125549770534,17.306448276862,9.14426967191022e-05,0.000293472364980447,27.423833838,16,24
"1M1N.4",0.00266092525672617,0.902972197597136,90.6793061055174,NA,0.00366380932453803,231.324114547544,-0.000900403785204346,-0.000720737472692256,57.423833778,44,0.0702041618805251,0.901296450764701,90.7636962153213,NA,0.018762202208825,195.487472132576,-0.00142802905636281,-0.00515368201282496,57.423833778,24,0.00203955435213046,0.891919577828854,89.7578977089451,NA,0.00302132785702754,257.941944779834,-0.000935957754839816,-0.000199935387080619,57.423833778,53,0.0987623256319206,0.750438346101751,76.519900571458,NA,0.0221125699318063,75.4030735680135,0.00497900421696464,0.00129664824332513,57.423833778,18,0.000530980196611531,0.598201347901614,62.6623040273288,NA,0.00180145027395236,229.717824839849,-0.000228524285867846,-0.000193680494298708,57.423833778,45,0.164184883983593,0.682650927281993,78.0363964833872,NA,0.0118375491510954,154.968993647608,0.0012271530981683,-0.00262792444238761,57.423833778,26,0.00160593273565161,0.833805400289515,84.8775572031355,NA,0.00263267128069901,182.120660767179,-2.90180753265086e-05,-0.000783649126292578,57.423833778,48,35.6666666666667,0.127575642997302,0.823566256816855,83.4964425911183,NA,0.0231430190675976,267.954993810271,-0.0034604048010755,-0.000123561557726082,57.423833778,18,0.0757894136048491,0.546037968982834,67.8755698632921,NA,0.0113324335371476,134.27066168261,0.00135380361775032,-0.00131976892542448,57.423833778,24,21,0.110309899829955,0.730645394144865,92.5959602092285,NA,0.00345209579178058,134.356684570918,0.000591117668485281,-0.000577990403712825,57.423833778,45,6.51763533867932e-07,0.758158339583069,78.8135603318768,NA,0.0012058363837193,167.425981890669,6.0103294737463e-05,-0.000269460595248082,57.423833778,19,NA,NA,NA,NA,NA,NA,NA,NA,NA,NA,32
"1M1o.3",0.00603185619147587,0.903025258549567,90.6853379617089,NA,0.00615903770044695,213.052281998154,-0.00131964427777189,-0.00202802021705958,42.9271398,33,0.100326492511669,0.902282665380232,90.864022707833,NA,0.021179853537136,138.96622501441,0.00492987878870828,-0.00566442953214871,42.9271398,21,0.0187799305011041,0.892109282953116,89.7766776394462,NA,0.0101013399698067,228.563293130496,-0.00296651102895449,-0.00261871087490457,42.9271398,28,0.147269230323947,0.751813052836074,76.667169801782,NA,0.0246203930509371,135.780218554766,0.00488676318801985,-0.00502169884780753,42.9271398,16,0.00177584599598437,0.598243987280483,62.6640798733248,NA,0.00392187367349356,228.740622824881,-0.000596254395043881,-0.000523073730791037,42.9271398,23,0.328605690795185,0.684439622199322,78.3650021741824,NA,0.0330270814961331,228.792185668198,-0.00574854998371875,-0.00503386013579875,42.9271398,11,0.00249269602640866,0.833824153504391,84.8800498991619,NA,0.00465661632083718,82.4562291784125,0.00170517912418759,0.00022581646532687,42.9271398,38,23.2222222222222,NA,NA,NA,NA,NA,NA,NA,NA,NA,NA,NA,NA,NA,NA,NA,NA,NA,NA,NA,NA,NA,0.00250544012096201,0.730644802051852,92.5984656493495,NA,0.00256180407510278,120.839350191627,0.00062681759524066,-0.000374241990001252,42.9271398,49,NA,NA,NA,NA,NA,NA,NA,NA,NA,NA,1.99023218728218e-05,0.490801295391571,67.4565560307354,NA,0.000298841750621541,27.0762376439767,6.40440965334892e-05,0.000125281234382681,42.9271398,20,34.5
"1M1S.1N2",7.18404037861182e-05,0.903000551594836,90.6854098021127,NA,0.00391244640722238,310.927822273677,-0.000929927889259616,0.000806319533905681,30.544374562,42,0.00239165505748006,0.902198513947123,90.8664143628905,NA,0.00356919595285734,265.56012568646,-0.00103774550507705,-8.0576686364439e-05,30.544374562,50,0.00189899072835985,0.892078529703185,89.7785766301746,NA,0.00199497360721354,294.603202870533,-0.000575427784603802,0.000263490319392177,30.544374562,59,0.00803400893854012,0.751667528097856,76.6752038107205,NA,0.00382114788701468,313.515365339389,-0.000663824971239839,0.000630284798718613,30.544374562,44,6.62755152218255e-05,0.59824305326082,62.66414614884,NA,0.00102037294193337,331.069743506544,-8.22533806511263e-05,0.000148815947623329,30.544374562,50,0.0247070271294361,0.684273742959362,78.3897092013118,NA,0.00219027990096926,323.458349694588,-0.000326142365748774,0.000440086687132415,30.544374562,51,0.00384166650816873,0.833853867358917,84.8838915656701,NA,0.00547817311769024,88.7241760221959,0.00162552522004593,3.62020886224688e-05,30.544374562,34,47.1111111111111,NA,NA,NA,NA,NA,NA,NA,NA,NA,NA,NA,NA,NA,NA,NA,NA,NA,NA,NA,NA,NA,0.034051804638391,0.729660974948498,92.6325174539879,NA,0.00593432870925703,32.9534926113128,0.000776480783919934,0.00119780298665851,30.544374562,35,NA,NA,NA,NA,NA,NA,NA,NA,NA,NA,0.000176524310829462,0.490797991288215,67.4567325550462,NA,0.00180061940444251,254.285947441443,-0.000688861521717528,-0.000193812555183124,30.544374562,13,24
"1M1S.4",0.00331591523791078,0.903024735324092,90.6887257173506,NA,0.00420834989878797,179.812735488054,4.47613209627064e-06,-0.00136952037407051,58.98410414,40,0.0276407449574101,0.902493102714208,90.8940551078479,NA,0.0105188068627426,248.517560477059,-0.00291947611224817,-0.00114897872415172,58.98410414,29,0.00325312635698369,0.892109382169187,89.7818297565316,NA,0.0034098251802724,343.724777553956,-0.000312963750883445,0.00107197320511097,58.98410414,50,0.0515497310951717,0.752240665405192,76.7267535418157,NA,0.0139770208731715,121.035954895947,0.002909047621753,-0.00175041768408548,58.98410414,22,7.79145093500339e-05,0.598242899835842,62.6642240633494,NA,0.000310310345490581,87.153752922656,5.36678329384216e-05,2.66821900186632e-06,58.98410414,58,0.0636218145210424,0.684642951194492,78.4533310158328,NA,0.00993834879437096,187.848357168959,-0.000334133798467305,-0.0024240191194872,58.98410414,28,0.000289072276393277,0.833855184985275,84.8841806379465,NA,0.00183690683832312,188.758742484484,-8.64859750259708e-05,-0.00056133871635266,58.98410414,52,39.8888888888889,0.272830343144141,0.826845334087052,83.7692729342624,NA,0.0235190052593431,281.592261715298,-0.0035668183581162,0.000731660646613389,58.98410414,17,0.00311740787418205,0.545968579295351,67.8786872711663,NA,0.00160098006811983,257.807923153133,-0.000271216372912018,-5.85997982074361e-05,58.98410414,26,21.5,0.00133790597194439,0.729097853091541,92.6338553599598,NA,0.00703553093839799,267.665344202714,-0.00172475425378199,-7.031822619833e-05,58.98410414,29,4.64785899149939e-06,0.75816117096333,78.8135649797358,NA,0.000711572275943348,95.1993297030036,0.000167809269537784,-1.52698604450189e-05,58.98410414,21,NA,NA,NA,NA,NA,NA,NA,NA,NA,NA,25
"1M1S1K.6",1.65022906401273e-05,0.903024414878606,90.6887422196412,NA,0.000599893278088543,347.178135230237,-5.741172525322e-05,0.000252253040966493,89.06624134,60,0.000793372075234517,0.90250101047712,90.8948484799231,NA,0.00167926101971235,55.5975128487917,0.000551798490707935,0.000377859496007316,89.06624134,55,0.000110794289932045,0.892105628239694,89.7819405508215,NA,0.00200178171824142,202.1651144057,-0.000326513791017455,-0.000801492240835831,89.06624134,58,0.000166432545678178,0.75224284213722,76.7269199743614,NA,0.00134663723963857,313.950199160742,-0.000313477558381179,0.000302195635377546,89.06624134,57,5.06167166295807e-05,0.598241247819776,62.664274680066,NA,0.000373307996384072,148.224402519936,4.46949429205034e-05,-7.21541628237585e-05,89.06624134,56,0.00037222941097487,0.684642956847402,78.4537032452438,NA,0.00168653127369614,44.8905370580122,0.000297990445956346,0.00029913124160875,89.06624134,56,1.4437269577752e-07,0.833853685260996,84.8841807823191,NA,0.000763335701526838,48.0036527196639,0.000229231498486665,0.000206374507932842,89.06624134,59,57.1111111111111,NA,NA,NA,NA,NA,NA,NA,NA,NA,NA,NA,NA,NA,NA,NA,NA,NA,NA,NA,NA,NA,1.76654496768261e-05,0.729096574703883,92.6338730254095,NA,0.00099732399867773,169.449002316053,5.66678744756531e-05,-0.000304240955357598,89.06624134,58,NA,NA,NA,NA,NA,NA,NA,NA,NA,NA,NA,NA,NA,NA,NA,NA,NA,NA,NA,NA,58
"1M1S1N.6",1.09821199052489e-05,0.903019219611789,90.6887532017611,NA,0.00162616253720535,122.52184538021,0.000432666065297368,-0.000275870655799839,87.423833718,55,1.03705754896129e-05,0.902499039858396,90.8948588504986,NA,0.00125406550371666,73.8201420860172,0.000351211587123863,0.000101902523860766,87.423833718,60,0.000854161046303242,0.892101488174582,89.7827947118678,NA,0.00390478353688801,109.416637328625,0.00116415056127522,-0.000410342130272489,87.423833718,45,6.40113120297868e-05,0.752228087479545,76.7269839856734,NA,0.00188713745515992,69.9394118276619,0.000425831609968619,0.000155500181942232,87.423833718,52,9.16784157902268e-05,0.598240663650073,62.6643663584818,NA,0.000169876323943962,243.642278436057,-2.54383898766431e-05,-1.26043385452621e-05,87.423833718,60,0.000401044805193297,0.684649972223284,78.454104290049,NA,0.00152087778451429,140.031456156011,0.000245296314892532,-0.000292658918996072,87.423833718,58,0.000204518989180243,0.833855506337851,84.8843853013083,NA,0.00103822969428724,323.577211107858,-0.000184019486990776,0.000249390226312003,87.423833718,56,55.3333333333333,NA,NA,NA,NA,NA,NA,NA,NA,NA,NA,NA,NA,NA,NA,NA,NA,NA,NA,NA,NA,NA,0.000431383912736364,0.729095715505613,92.6343044093223,NA,0.000667978534574278,130.906914610878,0.000121314673571484,-0.000105111695539229,87.423833718,60,NA,NA,NA,NA,NA,NA,NA,NA,NA,NA,5.1695195524389e-06,0.490798156966234,67.4567377245658,NA,0.000370619979428843,34.0667895940516,8.29445216346356e-05,0.000122661635748877,87.423833718,18,39
"1o1p.2",0.109424290353754,0.903980975679983,90.7981774921149,NA,0.0130893147916441,32.4057317521955,0.00286253829579138,0.00450964135578162,28.90196694,22,0.18057232022767,0.904336908134097,91.0754311707263,NA,0.0283369989817181,193.467739175431,-0.00243813544434323,-0.0101808149223207,28.90196694,18,0.00298463395891806,0.892118828205248,89.7857793458267,NA,0.00287033889932357,248.310978638099,-0.00111078840922243,-0.000441789865536324,28.90196694,54,0.00025515471074094,0.751631108500442,76.7272391403841,NA,0.0120016524151561,313.929607171927,-0.00259339267448617,0.00249825996744646,28.90196694,25,0.000661619074319319,0.598253796545183,62.6650279775561,NA,0.00525952886712632,205.90711671947,-0.000473268781441396,-0.000974350562632337,28.90196694,16,0.77296724083892,0.69100691183869,79.2270715308879,NA,0.03032729269384,308.977188585883,-0.00545572116201937,0.00441436057459581,28.90196694,13,0.00508011146490135,0.833905960674907,84.8894654127732,NA,0.0039463044316496,142.286876700556,0.00092084428129918,-0.00119086944922085,28.90196694,42,25.6666666666667,NA,NA,NA,NA,NA,NA,NA,NA,NA,NA,NA,NA,NA,NA,NA,NA,NA,NA,NA,NA,NA,0.017114994709717,0.724675025559987,92.651419404032,NA,0.0132853888495854,59.5778920765236,0.00322304989940324,0.00189262423105292,28.90196694,18,NA,NA,NA,NA,NA,NA,NA,NA,NA,NA,NA,NA,NA,NA,NA,NA,NA,NA,NA,NA,18
"1o1q.2",0.000700477353458684,0.903984143400797,90.7988779694684,NA,0.00266574747454478,324.783761259014,-0.000761467708088942,0.00107880004011062,27.341696578,51,0.000586756625422043,0.90434035008754,91.0760179273517,NA,0.00133516779460764,185.301577921415,-5.68205631601072e-05,-0.000612323726298263,27.341696578,57,0.000121837971310808,0.891936000126068,89.785901183798,NA,0.00778612871226732,331.539651538202,-0.00182240675082579,0.00336200209242064,27.341696578,33,0.000565960778338727,0.751534760143834,76.7278051011625,NA,0.00753044154347896,48.1665448371721,0.00202957417599144,0.00181678230789918,27.341696578,34,0.0001381430077242,0.598227685553688,62.6651661205638,NA,0.00284427142207905,343.133746233753,-0.000209671154231645,0.000691573185587969,27.341696578,31,0.0120251964551062,0.690801497547226,79.239096727343,NA,0.00596090475002023,55.5282750736556,0.0012211508664138,0.000838386754107699,27.341696578,37,0.000159695161451688,0.833898568856148,84.8896251079347,NA,0.00246723236965046,215.779362405711,-0.000663879635693688,-0.000921191004084577,27.341696578,50,39.7777777777778,NA,NA,NA,NA,NA,NA,NA,NA,NA,NA,NA,NA,NA,NA,NA,NA,NA,NA,NA,NA,NA,0.00116800324810614,0.724427326306708,92.6525874072801,NA,0.00112537323445931,280.487054934132,-0.000377598456183014,6.98954980656976e-05,27.341696578,57,NA,NA,NA,NA,NA,NA,NA,NA,NA,NA,NA,NA,NA,NA,NA,NA,NA,NA,NA,NA,57
"1S.1o1",0.00497942750946695,0.904030049006182,90.8038573969778,NA,0.00623575241619249,151.425338122411,0.00121221943302791,-0.00222570910782982,16.05696434,32,0.00391825358290431,0.904374494786596,91.0799361809346,NA,0.00352495276737067,210.332312390995,-0.000674026833759122,-0.00115196680116355,16.05696434,51,0.0122239668425546,0.891997615533386,89.7981251506406,NA,0.0121410955602976,60.57520738121,0.00426259617531865,0.00240428020141734,16.05696434,23,0.00553420514048391,0.751607669346659,76.733339306303,NA,0.00473660699370106,42.5158907704382,0.000979861630146275,0.00106873609115941,16.05696434,41,0.00182969908054021,0.59818819096151,62.6669958196444,NA,0.00336455586078918,227.04196834123,-0.000518833354674219,-0.000483109902115722,16.05696434,29,0.025034918181135,0.690816554583808,79.2641316455242,NA,0.00424109445461477,359.891312242062,-2.0028192323129e-06,0.00105580383358549,16.05696434,42,0.0059758360944233,0.833941865176282,84.8956009440291,NA,0.00762375633037999,57.4728824515897,0.00243816714125139,0.00155490657239719,16.05696434,27,35,NA,NA,NA,NA,NA,NA,NA,NA,NA,NA,NA,NA,NA,NA,NA,NA,NA,NA,NA,NA,NA,0.71610407907513,0.725788186810294,93.3686914863552,NA,0.0124842455041067,185.651863010241,-0.000354590743507204,-0.00358299786525306,16.05696434,20,NA,NA,NA,NA,NA,NA,NA,NA,NA,NA,NA,NA,NA,NA,NA,NA,NA,NA,NA,NA,20
"1S1k.3",0.0027836033210116,0.904054861750527,90.8066410002988,NA,0.0021435233376008,164.526997955387,0.000218266421734064,-0.000788485857985008,45.04106854,54,0.00620859184237089,0.904435052123459,91.086144772777,NA,0.00372468930488836,167.26852522161,0.000289362510996216,-0.00128072186858395,45.04106854,48,0.00213012654759843,0.892018737562771,89.8002552771882,NA,0.00412575397307134,158.625719847811,0.000572141780701053,-0.00146186507324664,45.04106854,43,0.00328302257623251,0.751630824566473,76.7366223288792,NA,0.0032170954996742,147.252922944985,0.000499038600033694,-0.000775929397646147,45.04106854,48,0.00163078357164829,0.598197705307135,62.668626603216,NA,0.00234900306156978,279.327091985288,-0.000461822789013205,7.58506255069388e-05,45.04106854,38,0.0289159302182207,0.691029066404592,79.2930475757424,NA,0.00550515576740352,251.368028095839,-0.00129601205052123,-0.000436961494968953,45.04106854,38,0.00175224189881614,0.833956755988173,84.8973531859279,NA,0.00168492921123681,78.501943075293,0.000591409846985415,0.00012030280670038,45.04106854,54,45.4444444444444,NA,NA,NA,NA,NA,NA,NA,NA,NA,NA,NA,NA,NA,NA,NA,NA,NA,NA,NA,NA,NA,0.0879446686481239,0.726402418670631,93.4566361550033,NA,0.00317101408483589,135.151277776809,0.000603732983882338,-0.000606929497758694,45.04106854,47,NA,NA,NA,NA,NA,NA,NA,NA,NA,NA,NA,NA,NA,NA,NA,NA,NA,NA,NA,NA,47
"1S1K.4",3.63905713536329e-05,0.904031293782391,90.8066773908702,NA,0.00334848502201017,189.165434910214,-0.000236364654746535,-0.0014649586209864,60.08213714,47,0.000564932162434038,0.904427316145938,91.0867097049394,NA,0.0039667273373254,172.744062425524,0.000206400071065134,-0.00162109518700385,60.08213714,47,0.00113364919080004,0.892016646689558,89.801388926379,NA,0.00507648892196346,349.837970787794,-0.000397466976483632,0.00221745937251126,60.08213714,39,5.86682187305883e-06,0.751618705800303,76.7366281957011,NA,0.00381326539533533,21.9876618118562,0.000476029222696765,0.00117894454589224,60.08213714,45,8.10360497127979e-06,0.598194467658056,62.668634706821,NA,0.00168993312637217,170.318553844291,6.6450104164745e-05,-0.000389508546896998,60.08213714,47,0.00308145871913062,0.691030528236602,79.2961290344615,NA,0.00174752140956333,234.7315811056,-0.000357044848707204,-0.000252506498283968,60.08213714,55,0.000169224744969884,0.833947438978001,84.8975224106729,NA,0.00284960812491504,25.1063462086588,0.00050345895590498,0.0010744599617132,60.08213714,46,46.4444444444444,NA,NA,NA,NA,NA,NA,NA,NA,NA,NA,NA,NA,NA,NA,NA,NA,NA,NA,NA,NA,NA,0.0827761721313187,0.726862421038438,93.5394123271347,NA,0.00369747040744763,28.4059609656095,0.000545430155889524,0.00100850117411524,60.08213714,43,NA,NA,NA,NA,NA,NA,NA,NA,NA,NA,NA,NA,NA,NA,NA,NA,NA,NA,NA,NA,43
"1S1N.4",0.000712993624905772,0.90403643146361,90.8073903844951,NA,0.00278760966777635,246.450021220458,-0.000835433649518484,-0.000364123739897443,58.439729518,49,0.00373800431694312,0.90444599936157,91.0904477092564,NA,0.00605956789898076,254.209809113401,-0.00175992771029358,-0.000497683931685476,58.439729518,44,0.000735995545181904,0.892015768456735,89.8021249219242,NA,0.00341917523885401,247.662825408129,-0.00103595637700421,-0.00042566209141889,58.439729518,48,0.00119518579561993,0.751634264761455,76.7378233814967,NA,0.00180736121154467,183.813745070122,-2.98665744363864e-05,-0.000448037468438386,58.439729518,54,1.33793769298493e-05,0.598194375786094,62.6686480861979,NA,0.000640692078921036,244.207942580492,-9.97972258136253e-05,-4.82267977768997e-05,58.439729518,52,0.00118261465665121,0.690993119993659,79.2973116491182,NA,0.0031073554623074,181.258642425887,-1.701831989243e-05,-0.000774581431284989,58.439729518,48,7.71372466341576e-06,0.833943872744921,84.8975301243976,NA,0.00135829007685369,255.170400077228,-0.00040581836472922,-0.000107446155262171,58.439729518,55,50.6666666666667,NA,NA,NA,NA,NA,NA,NA,NA,NA,NA,NA,NA,NA,NA,NA,NA,NA,NA,NA,NA,NA,0.17005664944297,0.726882727067802,93.7094689765776,NA,0.000383101537402544,185.478707833861,-9.01312275389115e-06,-9.39708798445325e-05,58.439729518,61,NA,NA,NA,NA,NA,NA,NA,NA,NA,NA,NA,NA,NA,NA,NA,NA,NA,NA,NA,NA,61
"1S1o.3",0.0137206421482272,0.904184760155577,90.8211110266433,NA,0.00764357500729843,220.312638820376,-0.00200146656237803,-0.00235899326407839,43.94303554,28,0.0402647365201189,0.904832408510147,91.1307124457765,NA,0.01409689790505,98.1968102519386,0.00518482065676429,-0.000746849431362155,43.94303554,26,0.003026149139251,0.892044579146407,89.8051510710634,NA,0.00238074008217545,184.374965493922,-7.46252190461508e-05,-0.000975412734703085,43.94303554,56,0.0831216608861239,0.752452751535677,76.8209450423828,NA,0.0213203309942895,121.68512102332,0.00536638413018196,-0.00331242154296816,43.94303554,19,0.000382433077924658,0.598198435211642,62.6690305192759,NA,0.00255234488256439,188.551517068495,-8.08486890925135e-05,-0.000537663767015162,43.94303554,35,0.189822959743852,0.690901685938267,79.487134608862,NA,0.000942081508860413,285.239467609868,-0.000227693145788921,6.20313120282035e-05,43.94303554,60,0.00820476624405976,0.834027113354501,84.9057348906416,NA,0.0048821041246688,195.485128232648,-0.000497363012183251,-0.0017952424329966,43.94303554,36,34.8888888888889,0.264240161441213,0.8223633439624,84.0335130957036,NA,0.0541386379960517,309.033851777877,-0.0076265071900946,0.00618328801968039,43.94303554,12,0.0827927931976412,0.546667994190572,67.9614800643639,NA,0.0121193712900595,124.136296940276,0.00209771345510214,-0.00142219768453279,43.94303554,23,17.5,0.0405725937304271,0.72650730356098,93.750041570308,NA,0.00259267881211999,310.033412635036,-0.000578008929392478,0.000485581761111918,43.94303554,48,0.000499633698069425,0.75815709856899,78.8140646134339,NA,0.00112621078791414,277.500774038637,-0.000319904471554781,4.21206193404495e-05,43.94303554,20,NA,NA,NA,NA,NA,NA,NA,NA,NA,NA,34
"2M1K.6",2.40341321011631e-06,0.904184582475407,90.8211134300565,NA,0.000555549224285463,313.375072770548,-8.70263217205453e-05,8.2225010721821e-05,88.0503456,61,0.001411981275778,0.904845121414295,91.1321244270523,NA,0.00284642116398671,5.00970017142465,4.95818099795742e-05,0.000565619752355637,88.0503456,52,0.000375262762847657,0.892036780158835,89.8055263338263,NA,0.000863821977184335,345.978821514142,-4.52148073269027e-05,0.00018106154641417,88.0503456,60,8.79831895309579e-05,0.752450461549263,76.8210330255723,NA,0.000676084161301731,132.827576601069,8.01764572338382e-05,-7.43159245204399e-05,88.0503456,59,6.32222062872187e-05,0.598198201639053,62.6690937414821,NA,0.000118325017709395,233.771399438283,-1.08528147729436e-05,-7.95138207696352e-06,88.0503456,61,0.000111052175827496,0.690760929005208,79.4872456610379,NA,0.00304272701223411,154.723268263844,0.000324096864136102,-0.000686353500487313,88.0503456,49,0.000960806733970285,0.834035206338851,84.9066956973756,NA,0.00263722635641636,303.670475426663,-0.000443464586159923,0.00029542407002718,88.0503456,47,56.5555555555556,NA,NA,NA,NA,NA,NA,NA,NA,NA,NA,NA,NA,NA,NA,NA,NA,NA,NA,NA,NA,NA,4.69829800543363e-06,0.726507550676004,93.7500462686061,NA,0.000767250304058486,274.093045736021,-0.000118843342358481,8.50429812757028e-06,88.0503456,59,NA,NA,NA,NA,NA,NA,NA,NA,NA,NA,7.36014283328904e-06,0.490797799517855,67.4567450847086,NA,0.00049875148215066,311.660205699427,-9.48453457469024e-05,8.4386027277769e-05,88.0503456,17,38
"2M1N.6",7.02105472035568e-05,0.904173045569705,90.8211836406037,NA,0.00253820028308266,133.202035868551,0.000291392137045026,-0.000273654915448926,86.407937978,52,2.93831140730276e-05,0.9048428241711,91.1321538101663,NA,0.000655033204851881,120.715964002174,8.21925801459368e-05,-4.88333623960427e-05,86.407937978,61,1.36027999951152e-07,0.892018232264607,89.8055264698543,NA,0.00266149461367757,75.7581067536257,0.000409554823177203,0.000103951991433294,86.407937978,55,0.00628445893933283,0.752480580370573,76.8273174845117,NA,0.00492729849833847,49.7308892366505,0.00045097838497877,0.000382039681721755,86.407937978,39,5.59106781165797e-06,0.598196807821253,62.66909933255,NA,0.000509811464427404,49.8617978477172,3.25845512844295e-05,2.74758924451841e-05,86.407937978,55,0.00166754560148492,0.690719983245927,79.4889132066393,NA,0.00178959744031064,101.481289451077,0.00043957390083201,-8.92828414227715e-05,86.407937978,54,0.00163746612875365,0.834047191085239,84.9083331635043,NA,0.0038831467580022,306.105488256271,-0.000468136790501312,0.000341439910626644,86.407937978,43,50.3333333333333,NA,NA,NA,NA,NA,NA,NA,NA,NA,NA,NA,NA,NA,NA,NA,NA,NA,NA,NA,NA,NA,2.08440612014812e-05,0.726484888379417,93.7500671126673,NA,0.00170045530646442,248.547098314031,-0.00018965467791541,-7.45269322673024e-05,86.407937978,53,NA,NA,NA,NA,NA,NA,NA,NA,NA,NA,1.10788055281176e-05,0.490797628927977,67.4567561635141,NA,0.000296441061329644,52.2821375578221,4.6879366095201e-05,3.62558426165491e-05,86.407937978,21,37
"2M1S.6",0.00110320258682134,0.904180816573682,90.8222868431906,NA,0.00276726082384317,216.503876427302,-0.000269235347014409,-0.000363799210507465,87.96820834,50,0.00133722113576779,0.904856311968332,91.1334910313021,NA,0.0026172776919999,144.480457586913,0.00022977261763117,-0.000321897035319541,87.96820834,53,0.00833456953370951,0.892098374515717,89.813861039388,NA,0.00436188998876577,81.8544313836088,0.000709092512439187,0.000101494254667657,87.96820834,42,0.000785340020059607,0.752472357429602,76.8281028245317,NA,0.00350196835186549,118.249306245715,0.000383511529164503,-0.000206062193577471,87.96820834,47,0.000558325969573931,0.598199127333358,62.6696576585195,NA,0.000532288465395893,38.4220527846064,2.86490452884604e-05,3.61175332543791e-05,87.96820834,54,0.00184730569361491,0.690667800248073,79.490760512333,NA,0.00162560041838556,73.3558946363404,0.000389975619691981,0.000116583732383424,87.96820834,57,0.00161541044242142,0.834062115253702,84.9099485739468,NA,0.00334348159988959,349.933197244944,-9.02852083234692e-05,0.000508564806587695,87.96820834,44,49.7777777777778,NA,NA,NA,NA,NA,NA,NA,NA,NA,NA,NA,NA,NA,NA,NA,NA,NA,NA,NA,NA,NA,0.000980737626437682,0.726465759577508,93.7510478502937,NA,0.00233900385261155,226.060668138359,-0.000207876132044919,-0.00020031870415404,87.96820834,51,NA,NA,NA,NA,NA,NA,NA,NA,NA,NA,4.25136929108838e-05,0.490797513974191,67.456798677207,NA,0.000317217694359474,328.450414678777,-3.41032698472857e-05,5.55435232470189e-05,87.96820834,19,35
"2N2",0.0340786686749298,0.90431744862702,90.8563655118655,NA,0.0025040519727874,257.720716742247,-0.000800244493949449,-0.000174178436378307,27.895354956,53,0.145146953750305,0.906380558337886,91.2786379850524,NA,0.0208933550673469,281.725152437859,-0.0060463426438721,0.00125490575294626,27.895354956,22,0.0649379295123028,0.892750652364454,89.8787989689003,NA,0.0121473588110111,358.436340934934,-0.00010720293718724,0.0039271673692544,27.895354956,22,0.0318337927192875,0.752968457732806,76.859936617251,NA,0.0111223955493723,103.496445389893,0.00264598081851871,-0.000635070176745067,27.895354956,26,0.00708387167083852,0.598245337593336,62.6767415301904,NA,0.00243606006322562,328.079860481845,-0.000221724347908167,0.000355936124425284,27.895354956,37,0.10887139754554,0.692065848542261,79.5996319098785,NA,0.0121997002927133,127.537600134038,0.00236261088586949,-0.00181535968356594,27.895354956,24,0.0286822516079643,0.834381114069697,84.9386308255547,NA,0.0120042526841025,332.06121134872,-0.00170597482431207,0.00321675785009394,27.895354956,18,29.4444444444444,0.347170661734793,0.825062113592296,84.3806837574384,NA,0.0167873216686203,66.7440352716492,0.00239879912352678,0.00103090127079542,27.895354956,19,NA,NA,NA,NA,NA,NA,NA,NA,NA,NA,19,0.0560304363998417,0.724248129792434,93.8070782866935,NA,0.00385205104406281,120.133420101654,0.000811553335707414,-0.000471073666067568,27.895354956,41,NA,NA,NA,NA,NA,NA,NA,NA,NA,NA,8.10870270852199e-05,0.490796329555957,67.4568797642341,NA,0.00133620002037554,192.316601260497,-0.000116590540359065,-0.000533989103237746,27.895354956,15,28
"2Q1",0.00517742332100519,0.904368760958341,90.8615429351865,NA,0.0034900890016337,139.872394252774,0.000918356620623438,-0.00108951768390204,12.854286356,45,0.0128247112723266,0.906507454781834,91.2914626963247,NA,0.00723365872413186,147.685867852758,0.00145178419572307,-0.00229524189840164,12.854286356,39,0.00961599230033067,0.892839412804884,89.8884149612006,NA,0.00847686664655174,26.2059828976121,0.00152301414333964,0.00309435774066063,12.854286356,32,0.000197573020312381,0.75280606838254,76.8601341902713,NA,0.00523958363415504,184.792101302314,-0.000133785121567811,-0.00159584287652633,12.854286356,38,0.00208415776963415,0.598241309431619,62.67882568796,NA,0.00190448263309693,123.138647300034,0.000343090936186057,-0.000223988081264789,12.854286356,44,0.0285391007700959,0.691819790440219,79.6281710106486,NA,0.00350557813050088,205.387259609622,-0.000374589398970431,-0.00078933637686458,12.854286356,46,0.000519231681951333,0.834311232645333,84.9391500572367,NA,0.00402654324836996,158.775650967919,0.000557711193974091,-0.00143605488797426,12.854286356,40,40.6666666666667,NA,NA,NA,NA,NA,NA,NA,NA,NA,NA,NA,NA,NA,NA,NA,NA,NA,NA,NA,NA,NA,0.00712766558638885,0.724112989505727,93.8142059522799,NA,0.00347638679864914,10.1828519560563,0.000181236022371674,0.00100900005921968,12.854286356,44,NA,NA,NA,NA,NA,NA,NA,NA,NA,NA,0.000957550797916183,NA,67.457837315032,NA,0.00207453560921264,122.880487727932,0.000839634323411877,-0.000542778281901643,12.854286356,12,28
"2S.1M2",9.22254567101903e-05,0.904329170601471,90.8616351606432,NA,0.00304398581953068,349.281274132147,-9.21482555891339e-05,0.000486808718314515,31.01589568,48,0.000122269280330691,0.906492283400589,91.2915849656051,NA,0.00159713885076982,92.9784461394988,0.000240397614527526,-1.25080243448545e-05,31.01589568,56,2.33902003411487e-06,0.892751698358365,89.8884173002207,NA,0.00607877343793524,233.402533713008,-0.00079531053231415,-0.000590595160979324,31.01589568,37,0.00062113959850586,0.752822480576985,76.8607553298698,NA,0.00186167355351882,346.447715203636,-5.45288666035128e-05,0.000226219452922564,31.01589568,53,0.000593773488177722,0.598225620234342,62.6794194614482,NA,0.0021287204178303,206.995508949138,-8.34515190644814e-05,-0.000163814569913044,31.01589568,42,0.00624055020377145,0.691765322564782,79.6344115608524,NA,0.00262615471084461,20.2710369125815,0.000227569461730607,0.000616157238399691,31.01589568,50,0.000132390414872308,0.834281197849545,84.9392824476516,NA,0.00432430753068121,260.813382648242,-0.000656681043945637,-0.000106201721304192,31.01589568,39,46.6666666666667,0.0943535374536982,NA,84.4750372948921,NA,0.0118702143615253,311.0408383084,-0.000703474873583743,0.000612402230551898,31.01589568,21,0.00653195604687926,NA,67.9680120204108,NA,0.018080436491852,124.397653330391,0.00128333105538808,-0.000878637910880111,31.01589568,21,21,0.000942625056682885,0.725194634718716,93.8151485773366,NA,0.0079664885210989,219.600745123104,-0.000621954766928118,-0.000751794257804333,31.01589568,26,0.000306957737397002,NA,78.8143715711713,NA,0.00356191761477844,103.618470222468,0.00040677333442715,-9.85476420073739e-05,31.01589568,15,NA,NA,NA,NA,NA,NA,NA,NA,NA,NA,20.5
"2S1M.6",0.000293259336752354,NA,90.86192841998,NA,0.000806927056101553,343.341892845594,-3.76431554056122e-05,0.000125805296246424,88.98410408,59,0.000129897045634542,NA,91.2917148626507,NA,0.00126014690123282,90.3877322687094,0.000191881388488852,-1.29852045702429e-06,88.98410408,59,0.000488228578920083,NA,89.8889055287996,NA,0.000407305510302242,105.172844639197,6.49075650899185e-05,-1.76019655594222e-05,88.98410408,61,0.00196861456503106,NA,76.8627239444349,NA,0.000560910557127634,193.012807697788,-1.57851015495773e-05,-6.83031239701434e-05,88.98410408,60,1.14940154942122e-05,NA,62.6794309554637,NA,0.00062152982867649,75.9821550914,5.22230880586434e-05,1.3037955702046e-05,88.98410408,53,0.00421338476322175,NA,79.6386249456156,NA,4.16344115928778e-05,235.093782595289,-8.51407628488332e-06,-5.94087551036544e-06,88.98410408,61,0.000267349251480826,NA,84.939549796903,NA,0.000854048219983403,48.1712441668791,9.8135329015284e-05,8.78317766788724e-05,88.98410408,58,58.2222222222222,NA,NA,NA,NA,NA,NA,NA,NA,NA,NA,NA,NA,NA,NA,NA,NA,NA,NA,NA,NA,NA,0.00491173071082984,NA,93.8200603080474,NA,0.00137228088930485,258.296098557441,-0.000165869724403915,-3.43617477145165e-05,88.98410408,56,NA,NA,NA,NA,NA,NA,NA,NA,NA,NA,NA,NA,NA,NA,NA,NA,NA,NA,NA,NA,56
"chi1",0.0019342639003395,0.875063148338929,87.9245950494498,NA,0.00716792606315033,262.768823895439,-0.00284585972133321,-0.00036108901614977,14.569547482,30,0.00456535734850732,0.874430507470152,87.7216464871876,NA,0.00896832480873484,312.576921894647,-0.00243366822436851,0.00223606419456818,14.569547482,33,0.000513795718032687,0.879393462906972,88.4476287146139,NA,0.00677234392684579,165.991052884925,0.000659243174202798,-0.00264232209575792,14.569547482,36,0.000504563923420022,0.725201947401989,73.4866999007202,NA,0.00636998206452737,217.890343375635,-0.00117721388739771,-0.00151272373485353,14.569547482,36,0.000339752223014015,0.59720791792464,59.855762451998,NA,0.00603358496733805,297.275930564841,-0.00108116254832289,0.000557454545801198,14.569547482,14,0.0464799390661864,0.655823135835419,72.2248073490907,NA,0.00731457470524223,206.536818406476,-0.00080740938606527,-0.00161681000894345,14.569547482,32,5.59387161074015e-05,0.825895723657398,83.9581254729621,NA,0.00654904080539832,114.935994724243,0.00222949826246681,-0.00103660155378027,14.569547482,31,29.1111111111111,NA,NA,NA,NA,NA,NA,NA,NA,NA,NA,NA,NA,NA,NA,NA,NA,NA,NA,NA,NA,NA,0.300404787261767,0.723977666204204,79.9638850403626,NA,0.00843036408099989,75.5996424356974,0.00242339715815359,0.000622238754719126,14.569547482,25,NA,NA,NA,NA,NA,NA,NA,NA,NA,NA,NA,NA,NA,NA,NA,NA,NA,NA,NA,NA,25
"J1",0.0453793127547231,0.875452196964663,87.9699743622045,NA,0.0118007655469096,181.185738585134,-9.69917175375142e-05,-0.00468604357875856,15.585443222,23,0.0239242592080152,0.874642537427515,87.7455707463956,NA,0.00727351141880068,205.210489384972,-0.00114858127147293,-0.00243969999993938,15.585443222,38,0.0445070173777291,0.879639363407819,88.4921357319916,NA,0.00501506064839344,73.0595134962782,0.0019343516486317,0.000589194316215378,15.585443222,40,0.0180018726032195,0.725271303050319,73.5047017733234,NA,0.00486722998079257,92.4039721153706,0.00146785148292007,-6.16231450221646e-05,15.585443222,40,8.96530315667927e-05,0.597189608222742,59.8558521050295,NA,0.00215579204184561,83.8083226341539,0.000453176463957973,4.91641153432387e-05,15.585443222,41,1.75168354378659e-05,0.655769392359494,72.2248248659262,NA,0.00702045580657702,20.0706206336765,0.000596463892896686,0.0016325075097874,15.585443222,33,0.0352812702241433,0.82623053007061,83.9934067431863,NA,0.0103767888968856,42.5101832330633,0.00260076119428614,0.00283722025958703,15.585443222,21,35.2222222222222,1.2521836217871,0.753248802550638,76.3366975588309,NA,0.0511504834491964,22.5310644948499,0.00348563412613563,0.00840217746075517,15.585443222,13,0.0801043394380138,0.536794715387051,63.5729502614769,NA,0.0359516598525072,139.421779824489,0.00463573129982038,-0.00541276327762365,15.585443222,16,14.5,0.0317388742386054,0.72174006912019,79.9956239146012,NA,0.0184632964619158,132.936112915488,0.00389185341182074,-0.0036211072471825,15.585443222,14,0.000479926853443272,0.758838880695967,66.5057703836837,9.08391614329437e-06,0.0108782913031014,58.6435773710118,0.00255214742670688,0.00155517436446801,15.585443222,10,0.00134835349611964,0.4909204834347,66.3751389442523,6.78919615214025e-06,0.00213117397158646,81.9697508751559,0.00100536178279577,0.000141835685679469,15.585443222,9,11
"K1",14.694750460855,0.738297462878488,73.9057377963441,0.145145742552103,0.375668690751816,179.709845031216,0.000417165560869688,-0.0823753657205513,15.0410686,2,13.7818081495207,0.689743002229865,68.9806798802723,0.142287729664478,0.388425717028009,179.891996265808,0.000146116292240673,-0.0775143286500162,15.0410686,2,13.4013110868405,0.70090668653013,70.3380179344368,0.132821398012903,0.478965574644261,56.6517917513956,0.0864272606476,0.0568762532334273,15.0410686,2,12.0756167157982,0.398353389087144,39.8602017254729,0.118419152518967,0.34440630378391,60.9943851248398,0.0464116997507101,0.0257323713351902,15.0410686,2,0.814427097510317,0.588960582211468,58.4746933150968,0.0071837235184752,15.7531914348628,214.54157288032,-0.00685146908665273,-0.00995346987993604,15.0410686,3,13.103096312419,0.548108363506979,54.8261704935169,0.106677921236675,0.261607547314565,77.3796157548523,0.0345544448474355,0.00773674229700683,15.0410686,2,11.3308439142067,0.573715821013648,57.3831188933541,0.112981081578798,0.358434138361861,26.0113461098169,0.0317252883027591,0.0650138014103099,15.0410686,2,2.22222222222222,22.1645415403703,0.217652975015234,22.1645415403703,0.184970827404676,0.33002327999112,108.967808104901,0.0267102531400618,-0.00918029439625222,15.0410686,1,16.5665831019676,0.393285142634091,39.9228427210724,0.169073989498225,12.2365765008298,101.21853480549,0.0286020070610019,-0.00567296583737584,15.0410686,2,1.5,50.5779127685198,0.504823187893488,50.5779127685198,0.276926442778769,18.8476526053603,123.081065884375,0.0549686486720042,-0.0358077322574451,15.0410686,1,0.158249664557855,0.759281845876112,66.1452644874974,0.00272808128624066,0.115911706550702,199.111809031939,-0.00535330733064444,-0.0154491305142575,15.0410686,4,2.05075064074005e-06,0.490910383407952,66.3751409950029,5.7714484257993e-07,0.0058788687511119,47.9789734352381,0.00198343134468132,0.00178720804168624,15.0410686,10,5
"K2",0.0417887189675419,0.875074042225785,87.9146899280239,0.000781183475318341,0.0538698755096652,311.899833899848,-0.0165036071462232,0.014807753435469,30.0821372,9,0.0580855324472676,0.875095541969745,87.8036562788429,NA,0.0219897128605612,324.00193552796,-0.00513881335431721,0.0070734722778431,30.0821372,19,0.0532105336076763,0.88001317277581,88.5453462655993,NA,0.0248298980436616,7.68526303521036,0.00141642015728679,0.0104964016222244,30.0821372,17,0.0740445797997303,0.725686649803729,73.5787463531231,NA,0.0188008031929016,51.8201131809719,0.00475149932358291,0.00373636115604491,30.0821372,21,5.45084409949164e-05,0.597176820103221,59.8559066134705,NA,0.00365349490080752,38.1933322617883,0.000471890592152184,0.00059980959573543,30.0821372,27,0.00236839904742698,0.651480854339988,72.2271932649736,NA,0.022873651889238,86.2108096157612,0.00544155516290324,0.000360396556769137,30.0821372,16,0.049616319012936,0.826737435210978,84.0430230621992,NA,0.0162051639417993,339.851778909301,-0.00226102659887821,0.00616247003728893,30.0821372,15,19.1111111111111,NA,NA,NA,NA,NA,NA,NA,NA,NA,NA,0.0199031199174826,0.540493504441728,63.5928533813944,NA,0.0284648861574074,20.2717899937881,0.0020216220658542,0.00547343516817017,30.0821372,18,18,0.0898946004344703,0.724210871387758,80.0855185150356,NA,0.00735708997555997,162.846729206057,0.000786111566342897,-0.0025468675433461,30.0821372,28,NA,NA,NA,NA,NA,NA,NA,NA,NA,NA,NA,NA,NA,NA,NA,NA,NA,NA,NA,NA,28
"L2",0.0687278124587077,0.876081348364228,88.0387021746632,NA,0.0177222133907539,277.846193785688,-0.00583621185598111,0.000804255752622746,29.528478822,20,0.0979439655674356,0.87608268902745,87.9016002444103,NA,0.0213309332914561,316.568629073744,-0.00446212233571287,0.00471338992541465,29.528478822,20,0.024134730699812,0.880194857407003,88.5694809962991,NA,0.0157331939216203,67.0849456219716,0.00474095710222198,0.00200412680314232,29.528478822,20,0.115875099365298,0.726695369465512,73.6946214524884,NA,0.0125790427669537,98.8677661516734,0.00294505942674022,-0.000459486666950469,29.528478822,24,0.010923984431547,0.597239789074901,59.8668305979021,NA,0.00515747011511125,23.3158240931764,0.000345297150181104,0.0008011618714078,29.528478822,17,0.199721484324794,0.652479889149386,72.4269147492984,NA,0.0193490354860679,106.052347748053,0.00447435715647263,-0.00128742650711028,29.528478822,18,0.0995338644066146,0.827668940565469,84.1425569266058,NA,0.0229049397628219,314.807736960397,-0.00481587833684509,0.00478366576428182,29.528478822,12,19.1111111111111,1.03605931316255,0.761725913050201,77.3727568719935,NA,0.0329778846293631,281.612499112205,-0.00440418179279747,0.000905049991283538,29.528478822,16,0.144318111449021,0.538724478089594,63.7371714928434,NA,0.0388272137499801,149.950047755953,0.00296206483101823,-0.00512013267361953,29.528478822,15,15.5,0.0117596093844111,0.72195974615099,80.09727812442,NA,0.00679981281451397,233.109041761645,-0.00115528587596887,-0.000867128115211719,29.528478822,30,NA,NA,NA,NA,NA,NA,NA,NA,NA,NA,NA,NA,NA,NA,NA,NA,NA,NA,NA,NA,30
"lam2",0.00120381693173645,0.876050333770497,88.0399059915949,NA,0.00455343570280475,259.083371293291,-0.00145609589566827,-0.000280838165202867,29.455625318,39,0.00564621038816944,0.876055029963447,87.9072464547985,NA,0.0107833347966323,309.706320309229,-0.0024671234823166,0.00204870514982141,29.455625318,28,0.0295785800387374,0.880442167686881,88.5990595763378,NA,0.00740883129335014,91.0601830933715,0.00242426613567369,-4.48629787890245e-05,29.455625318,34,0.00104164276721587,0.726422182398509,73.6956630952557,NA,0.010458366975939,24.7946474425801,0.00107384221543889,0.00232457778230358,29.455625318,27,0.00196559673519823,0.597240070309257,59.8687961946373,NA,0.00308353218588786,277.501701259027,-0.000521480263409802,6.86699316481355e-05,29.455625318,30,0.129210285299266,0.652988140376187,72.5561250345977,NA,0.00523933172864997,97.7527140913186,0.00129569714739177,-0.00017639915682206,29.455625318,39,0.0119803729369098,0.827754467700931,84.1545372995428,NA,0.0109102378378093,308.36834660513,-0.00259279795774936,0.00205269511557401,29.455625318,20,30.4444444444444,NA,NA,NA,NA,NA,NA,NA,NA,NA,NA,NA,NA,NA,NA,NA,NA,NA,NA,NA,NA,NA,0.0059643764916795,0.724330414239177,80.1032425009117,NA,0.0105776491908232,238.034695755329,-0.00217993114159591,-0.00136033734891885,29.455625318,21,NA,NA,NA,NA,NA,NA,NA,NA,NA,NA,NA,NA,NA,NA,NA,NA,NA,NA,NA,NA,21
"M1",0.0112852298948274,0.876113777254638,88.0511912214898,NA,0.00791126060975105,340.065039455845,-0.000637018357000666,0.00175639452161986,14.4920521,26,0.0341683835737642,0.876334565051593,87.9414148383723,NA,0.0096551259670738,333.465151664714,-0.000974006943650175,0.00195058378231303,14.4920521,31,0.0111153520207388,0.880287598521516,88.6101749283586,NA,0.00317818386800239,6.04112895099982,8.60852611205831e-05,0.00081342923438741,14.4920521,51,0.0217859278117755,0.726387490410132,73.7174490230674,NA,0.000440931506838276,39.2774663599908,5.86120676994078e-05,7.16674410398573e-05,14.4920521,61,0.0169379520639024,0.597391211762731,59.8857341467012,NA,0.00655734171749329,66.3539988242485,0.000762539892003995,0.000333874821313179,14.4920521,13,0.0432625704801303,0.65280050651195,72.5993876050778,NA,0.00151210132989905,14.5148243464102,9.83529364270537e-05,0.000379897072406809,14.4920521,59,0.0113283941508265,0.827865038106875,84.1658656936936,NA,0.00791978535679956,113.313597536688,0.00173861453844591,-0.000749254905096271,14.4920521,26,37.8888888888889,NA,NA,NA,NA,NA,NA,NA,NA,NA,NA,NA,NA,NA,NA,NA,NA,NA,NA,NA,NA,NA,0.136195298724592,0.725132447445915,80.2394377996363,NA,0.00650396074613983,183.82749421186,-0.000118925197503367,-0.00177760505357677,14.4920521,33,NA,NA,NA,NA,NA,NA,NA,NA,NA,NA,NA,NA,NA,NA,NA,NA,NA,NA,NA,NA,33
"M2",59.2109873354891,0.592025997120747,59.2109873354891,0.594451609314581,24.7181363359148,305.440787119255,-0.124918585121594,0.0889089223513621,28.9841042,1,55.1988717307516,0.55189659078424,55.1988717307516,0.55441706657022,22.3347637949743,319.378667176238,-0.0864660322491739,0.100805666847463,28.9841042,1,56.9367068475963,0.569278424397839,56.9367068475963,0.570959649913143,24.55217799939,36.0616324519473,0.0933331800655186,0.128171937875594,28.9841042,1,27.7845850096747,0.277778716681306,27.7845850096747,0.280083305748723,18.2912762657923,78.5015443720424,0.071581310882744,0.0145613730116656,28.9841042,1,0.977175040161004,0.581673438034241,57.6602662175864,0.00998022748723744,0.0653990479767965,356.187004917791,-0.000622546363200459,0.00934084763621642,28.9841042,2,41.7230741810979,0.417036290940713,41.7230741810979,0.336585308845124,18.3273999200015,100.246784129291,0.0618027067326123,-0.0111721677025548,28.9841042,1,46.0522749791473,0.460462701121592,46.0522749791473,0.462993569132482,23.2962233604729,342.89141541099,-0.0380295816620927,0.123551216308713,28.9841042,1,1.22222222222222,11.5153071570424,0.604323235228148,57.1477873311015,0.106570072150851,0.163790161967551,154.167556823737,0.00882513242710645,-0.0182293136614516,28.9841042,4,23.3562596191048,0.232017265776611,23.3562596191048,0.239209982061723,0.291887904683783,103.466142138645,0.0230474827395911,-0.00551880862520761,28.9841042,1,2.5,0.771645000231393,0.729207136997289,81.0110827998677,NA,0.020911129810028,177.924395558948,0.000177181830342164,-0.00488885534370496,28.9841042,12,NA,NA,NA,NA,NA,NA,NA,NA,NA,NA,NA,NA,NA,NA,NA,NA,NA,NA,NA,NA,12
"M3",0.000484738106195169,0.876106531996572,88.051675959596,NA,0.00343129938794237,264.714324079731,-0.00108500017178943,-0.000100378842143287,43.4761563,46,0.00148732223352778,0.876338788523007,87.9429021606058,NA,0.00402419702373135,248.113911468291,-0.00112106052174612,-0.000450347289374662,43.4761563,46,0.00809011554726629,0.880350719674503,88.6182650439058,NA,0.00305589478266557,233.443155605003,-0.000780938880277342,-0.000579064269656964,43.4761563,52,0.0144822186179257,0.726532013026126,73.7319312416854,NA,0.00361671805050331,169.284922265813,0.000165853433729018,-0.000876490149806737,43.4761563,46,1.16251802332686e-05,0.597390447416559,59.8857457718814,NA,0.000300957169708337,312.219322063778,-3.78661866226089e-05,3.43582373450783e-05,43.4761563,59,0.0307795979548727,0.652869410337843,72.6301672030327,NA,0.0042495565324932,277.723356707005,-0.0010601909275452,0.00014378355059167,43.4761563,41,0.00344006307465728,0.827882467301932,84.1693057567682,NA,0.00594146046187359,141.422464278662,0.00110737172171098,-0.00138829662446473,43.4761563,33,47.5555555555556,NA,NA,NA,NA,NA,NA,NA,NA,NA,NA,NA,NA,NA,NA,NA,NA,NA,NA,NA,NA,NA,0.0770921115912947,0.728979248465663,81.088174911459,NA,0.00252776543902618,110.436974422217,0.000572081467275181,-0.000213175530250613,43.4761563,50,NA,NA,NA,NA,NA,NA,NA,NA,NA,NA,8.10260015443646e-05,0.490912365422344,66.3752220210045,NA,0.00155450542981642,229.227105136831,-0.000475353922840367,-0.000409922231652758,43.4761563,14,32
"M4",0.00840105385664737,0.87618735684884,88.0600770134526,NA,0.00563471773194175,181.965821181253,-6.63720625253103e-05,-0.00193371949144015,57.9682084,34,0.397853798794939,0.880223114322085,88.3407559594007,NA,0.0426742116677129,216.291496721067,-0.00744639782906488,-0.0101401960653342,57.9682084,12,0.00242275325346337,0.880359573062408,88.6206877971593,NA,0.00508934645885423,329.797633928826,-0.000907018698995776,0.00155826613779052,57.9682084,38,0.709803212890125,0.718946447809947,72.9279965528249,0.00696853745875341,0.0527173179207132,94.1908723147038,0.0124773569337843,-0.000914281376205457,57.9682084,9,0.00347890796494353,0.597423117167683,59.8892246798464,NA,0.00395405728066252,236.711870406062,-0.000540554470908558,-0.000354917627745693,57.9682084,22,0.876013166032648,0.660089848846996,73.5061803690653,NA,0.0308314332774882,183.173013878214,-0.000363958638572618,-0.00656535775472352,57.9682084,12,0.00157807522253823,0.827897376386146,84.1708838319908,NA,0.00171106727274389,242.322416470582,-0.000514987788411163,-0.00027011766520984,57.9682084,53,23.4444444444444,0.969804207373308,0.771424126491105,78.3425610793668,NA,0.0346578499741188,281.180977755359,-0.00506545734699603,0.00100124000836427,57.9682084,15,0.276281771172739,0.54132681248668,64.0134532640161,NA,0.0169427846664748,140.404995040706,0.00178848450426742,-0.0021622901748348,57.9682084,22,18.5,0.00492557511869068,0.728205717308382,81.0931004865777,NA,0.00772020477464176,185.744024737574,-0.000181548834933298,-0.00180485126230245,57.9682084,27,NA,NA,NA,NA,NA,NA,NA,NA,NA,NA,NA,NA,NA,NA,NA,NA,NA,NA,NA,NA,27
"M6",0.00294178232080111,0.876216767532166,88.0630187957734,NA,0.00390839076527792,126.827568166147,0.000900384978352936,-0.000674249943020428,86.9523126,43,0.0013304300478032,0.880230354070729,88.3420863894485,NA,0.0036474015071219,98.892175577786,0.00101966138157576,-0.00015953205267012,86.9523126,49,0.00306701186992496,0.880391379382815,88.6237548090292,NA,0.0035132124359093,47.9127107515269,0.000767942835942341,0.000693580206082018,86.9523126,47,0.0114149149239997,0.726612628444705,73.7433461566093,NA,0.00815960087610455,84.6068008853754,0.00192986225736161,0.0001821945789084,86.9523126,33,3.03865293229947e-06,0.597420769738797,59.8892277184993,NA,0.000853792260981601,78.9043593341653,0.000135223743965609,2.65191594913804e-05,86.9523126,51,0.000196154894905298,0.65995148354002,73.5063765239602,NA,0.00386464086486269,102.235047032058,0.000995874971944077,-0.000215953513385886,86.9523126,44,0.00554323143184966,0.827948485763114,84.1764270634226,NA,0.00544792766271459,309.340716439953,-0.00130689459789854,0.00107123264158629,86.9523126,35,42.8888888888889,0.00525591819577146,0.771427615400109,78.3478169975625,NA,0.00410724095829289,185.721957917574,-6.04255038211908e-05,-0.000603046892043299,86.9523126,23,NA,NA,NA,NA,NA,NA,NA,NA,NA,NA,23,0.00245442127969534,0.728148651917878,81.0955549078574,NA,0.00152129716256502,206.946514269587,-0.000160069958544744,-0.000314881302466041,86.9523126,54,NA,NA,NA,NA,NA,NA,NA,NA,NA,NA,1.16611303329504e-08,0.49091223369695,66.3752220326656,NA,0.000221482290201678,339.333581162942,-3.03450683267268e-05,8.04484599345134e-05,86.9523126,22,38
"Mf",0.210686742394344,0.877963224661014,88.2737055381677,NA,0.0425319305943479,46.2720302203723,0.0136293690173466,0.0130372431914911,1.098033,12,0.187129451528952,0.874529844608403,87.5605354901686,0.00213296528845707,0.0401127159064147,48.0246875695627,0.0120087399586997,0.0108033523784749,1.098033,9,0.215557353368524,0.879199746884532,88.4257907530051,0.0020369178936184,0.039953563093712,47.9679361712125,0.0130336298429724,0.0117487468961283,1.098033,9,0.0514153230716372,0.726611697961697,73.794761479681,NA,0.0249453069295503,18.528831479982,0.00266115058303681,0.00794006042007954,1.098033,15,0.441409746519669,0.59483048394055,59.6447943383679,0.00219304855997914,0.0105884820699225,13.7582209056194,0.000568888077634019,0.00232340970141886,1.098033,5,0.0120382687160976,0.659146241595644,73.5184147926763,NA,0.0139162990535826,85.051056891024,0.00335699152214149,0.000290684586979192,1.098033,22,0.00374951343384443,0.825979373684531,83.958069534246,3.99080059365521e-05,0.0292807962049076,25.6584812066189,0.00535907276981053,0.011156011619282,1.098033,10,11.3333333333333,NA,NA,NA,NA,NA,NA,NA,NA,NA,NA,0.221636144094738,0.588999069103031,63.28269975731,0.00216455645372623,0.0548632318509324,284.809900368215,-0.0112861129203708,0.00298400606395803,1.098033,8,8,0.0986901845894278,0.730823648554562,78.5776497736324,0.00648236720535665,0.0696505017074589,325.941086059459,-0.0119753670345048,0.0177148930105381,1.098033,8,0.0448487647073429,0.759478245982445,66.5506191483911,NA,0.00613042170798551,57.5882144863518,0.00165090707768713,0.00104817390218851,1.098033,13,0.00610882593115121,0.490527920386503,66.3276212169036,0.00108795399198443,0.00350447230143391,344.882002765329,-0.000494228159468999,0.00182940604979089,1.098033,5,8.66666666666667
"Mm",0.254537078851247,0.880651945912851,88.528242617019,NA,0.0298298936923909,314.385457482577,-0.00608957382853731,0.00596032419251381,0.544374622,17,0.356418015762194,0.884017300853312,88.6985044052107,NA,0.0330056334210186,322.146823902584,-0.00531792819169936,0.00684270887307523,0.544374622,16,0.195769993598236,0.882418066542139,88.8195248026275,NA,0.0356984960430826,313.206683009397,-0.0074384406880398,0.0069867936580998,0.544374622,13,0.836519833658581,0.733739587401752,74.6312813133396,NA,0.0516244488429939,4.60241370418164,0.000893105765825518,0.0110944140933802,0.544374622,11,0.0263917964041021,0.59799924426832,59.9156195149034,NA,0.00439558236413769,329.638903279245,-0.000343001006212135,0.000585541609207432,0.544374622,21,0.00138215738930997,0.660199300958967,73.5197969500656,NA,0.012128901226336,314.889879202112,-0.00209861037956749,0.00209055890986778,0.544374622,25,0.168341154221692,0.829423058771175,84.3447682176443,NA,0.0160903555037756,313.596368497682,-0.00324077049037641,0.00308575237616833,0.544374622,16,16.7777777777778,8.27950315020288,0.696194228692246,65.4272904813044,0.0920297524459059,0.115349549817004,250.6820434536,-0.0145140061874131,-0.00508783978067301,0.544374622,5,0.344166935716619,0.542837834134665,64.3576201997327,NA,0.039543562895131,330.364487878271,-0.00304038558695652,0.0053443311446781,0.544374622,14,9.5,0.543873751235618,0.741732555683742,78.478959589043,0.0128656841012217,0.033505990108625,318.176046276793,-0.00482340314803683,0.00539014595523576,0.544374622,7,1.15675061086484,0.759516121020151,67.7073697592559,NA,0.00221624150544154,232.314917288131,-0.000390809060066769,-0.000301889069464215,0.544374622,17,1.08095160907814,0.490799680435374,67.4561736417437,NA,0.00218871592497853,275.507346066761,-0.000856410665129955,8.25737902531636e-05,0.544374622,11,11.6666666666667
"MSf",0.201764947570145,0.88268819244159,88.7300075645891,NA,0.0325086712355268,104.231534559467,0.00989527840504601,-0.00250968607396857,1.01589574,15,0.236858166411336,0.886195260361521,88.9353625716221,NA,0.0381523563191696,95.5647532776857,0.0109211108492558,-0.00106404174487791,1.01589574,13,0.125695320113389,0.883677778697886,88.9452201227408,NA,0.0298729769957529,102.022679627638,0.0092439875328496,-0.00196869493286879,1.01589574,15,0.184963465523339,0.737828241314674,74.8162447788629,NA,0.0422234758753182,19.8988547752477,0.00337271648844177,0.00931760833808497,1.01589574,12,0.00118820574815918,0.59917192873543,59.9168077206516,NA,0.00458678760552443,40.4736247278833,0.000499323535668155,0.000585178002643219,1.01589574,20,1.35624906059309,0.671317454582906,74.8760460106587,NA,0.0230070332792064,18.4030598482989,0.0017344361089881,0.00521297778254435,1.01589574,15,0.000714704397064805,0.829004340857307,84.3454829220414,NA,0.0145510079135574,15.3545940939183,0.00116366192748994,0.00423776259201058,1.01589574,17,15.4444444444444,18.6033348690901,0.401538454888175,40.7678764094604,0.127620530958074,0.13732673534553,33.0806311208907,0.00976120347273412,0.0149847262843409,1.01589574,2,0.0316679413336295,0.532337392978443,64.3892881410664,NA,0.0588551359089064,23.7857499586698,0.00378229827616738,0.00858139792479125,1.01589574,11,6.5,1.07391120688311,0.750596260176244,79.6515609805155,0.00496538425411385,0.0610140993612531,248.830208390396,-0.0128092925829673,-0.00496062918251055,1.01589574,9,NA,NA,NA,NA,NA,NA,NA,NA,NA,NA,0.446528617881322,0.490625790474024,66.3215123909725,0.00196557796330198,0.00944976051892295,331.397583814636,-0.00180629310776867,0.00331264352578565,1.01589574,4,6.5
"mu2",0.0550020457271262,0.88312275383489,88.7850096103163,NA,0.00832661744551466,321.664416782966,-0.00167126216716068,0.0021134850200224,27.96820846,25,0.0408098410469907,0.886547402965307,88.9761724126691,NA,0.00804297304570398,19.7747258163713,0.000817427195298621,0.00227363774034797,27.96820846,35,0.0451885544784121,0.884041258403108,88.9904086772192,NA,0.010701147271403,71.4071378951225,0.00328477011830554,0.00110499173357656,27.96820846,27,0.00124083485227807,0.737803123825485,74.8174856137152,NA,0.00207061130519791,224.122442280294,-0.000358295969809779,-0.000369443090576319,27.96820846,51,0.00140252497936038,0.599188705694287,59.9182102456309,NA,0.00252969626062395,110.856033265574,0.000405163781367831,-0.00015436086300213,27.96820846,36,0.0560245116983044,0.671598231788585,74.932070522357,NA,0.00674689598690602,206.665666305049,-0.000751034563325595,-0.00149549787047569,27.96820846,35,0.0438448358764569,0.829407443893774,84.3893277579178,NA,0.0117234688597172,44.2536641081495,0.00247940570684682,0.00254485552917433,27.96820846,19,35,NA,NA,NA,NA,NA,NA,NA,NA,NA,NA,NA,NA,NA,NA,NA,NA,NA,NA,NA,NA,NA,0.0358738255606464,0.726170790331008,81.131428733418,NA,0.00479594518045209,296.452173944123,-0.00105241087610473,0.000523616318898884,27.96820846,39,NA,NA,NA,NA,NA,NA,NA,NA,NA,NA,NA,NA,NA,NA,NA,NA,NA,NA,NA,NA,39
"N2",2.4248656470598,0.854335482013552,85.5272232718633,0.0223654862611383,0.106496159164133,284.387375660709,-0.0300190946579341,0.00770054354907889,28.439729578,4,2.43504706291002,0.840721802938011,84.1954791015699,0.0224582632137648,0.113862657203914,301.52084011694,-0.0252464537197629,0.0154836808037563,28.439729578,5,2.88150975600483,0.844393633760419,84.9539794824401,0.0279174602439741,0.121359634950361,15.3569062700803,0.00920274180601924,0.0335087634819326,28.439729578,5,1.64663233138983,0.70305245731745,71.2607280349823,0.0157119950514517,0.0810903753748594,59.993976492876,0.0155756865124175,0.00899481022985127,28.439729578,7,0.056346910826772,0.596651538966051,59.8158570366935,0.000554693057202971,0.0130007392196229,333.686502270075,-0.000917567491412863,0.00185545615728704,28.439729578,7,2.13531547146976,0.645340752847781,71.3020736130911,0.0128936561433271,0.0574233721379345,87.3339301917866,0.0128366962336246,0.000597744724215283,28.439729578,9,2.20915858821538,0.80036705889023,80.0734693342531,0.0201927120411152,0.100810362241357,327.497600631013,-0.0154277029103745,0.024214404983507,28.439729578,6,6.33333333333333,0.54572888597186,0.781142932624168,78.8935458835344,NA,0.041875388640987,169.759057778984,0.00113697767835702,-0.0062932504742637,28.439729578,14,2.47805016357081,0.58359384760951,60.9545669957639,0.0195504002159923,0.086694414909309,87.1187901502786,0.0126598295916239,0.000637156924502937,28.439729578,5,9.5,0.234969691049292,0.726730312486026,81.3663984244673,NA,0.0100321032820506,225.03270450986,-0.00169871477383277,-0.00169677662245663,28.439729578,24,0.000116340749754436,0.759513336802681,67.7074861000057,NA,0.0016264980523374,71.2619094590137,0.000366433857489157,0.00012430259620891,28.439729578,18,NA,NA,NA,NA,NA,NA,NA,NA,NA,NA,21
"nu2",0.0570412428351493,0.883760756244313,88.8420508531514,NA,0.0144653620725425,332.995764154372,-0.00210715856598135,0.0041347758231355,28.512583082,21,0.0344785122550681,0.886749515200966,89.0106509249241,NA,0.0168673665976696,306.688437016479,-0.00399420729145153,0.00297593662270872,28.512583082,25,0.123915359350033,0.88523211092382,89.1143240365693,NA,0.0330442125881776,7.91748202630234,0.00144015780620387,0.0103554482464141,28.512583082,14,0.0596002830579794,0.737951659979556,74.8770858967732,NA,0.0202501940550793,29.2166983656325,0.0023933237851106,0.00427941956960259,28.512583082,20,0.000120582086059204,0.599171493336772,59.918330827717,NA,0.00391371124603828,80.5278324523575,0.000651710148005608,0.000108733457708039,28.512583082,24,0.2355248024021,0.672688873712937,75.1675953247591,NA,0.0159818828411048,107.993862712359,0.00369072684138572,-0.00119875278727799,28.512583082,20,0.051225872446694,0.82992446619643,84.4405536303645,NA,0.016579405472707,318.844493291704,-0.00328393443494025,0.00375709097186442,28.512583082,14,20.2222222222222,NA,NA,NA,NA,NA,NA,NA,NA,NA,NA,0.000327699359188548,0.52392272137656,64.3896158404256,NA,0.0468417814166329,206.543748431502,-0.00339565424505897,-0.00679762576099575,28.512583082,13,13,0.0802060953287117,0.722647326922273,81.446604519796,NA,0.00662161916667158,75.0586192671423,0.00158219825907556,0.000422214254152164,28.512583082,31,NA,NA,NA,NA,NA,NA,NA,NA,NA,NA,NA,NA,NA,NA,NA,NA,NA,NA,NA,NA,31
"O1",9.19661982845936,0.830091772642307,83.1023576248035,0.0907017634102461,0.221021678140204,189.195700526628,-0.0119923609079916,-0.0740782935786891,13.9430356,3,9.07282283901445,0.780475891337175,78.0535027192868,0.0895643164436485,0.218884055615111,193.024709046851,-0.0151177659425943,-0.0653536403844372,13.9430356,3,8.61861929221018,0.787190635927106,78.956637226647,0.085875540232216,0.215928478813064,62.0860237066765,0.0671718148777539,0.0355866268097091,13.9430356,3,9.52926174052662,0.600971898781195,59.0764490861491,0.0924927060160957,0.187318172983887,65.8703760389882,0.0418894315426931,0.0187640463643617,13.9430356,4,0.728691276751453,0.59496441810769,59.2033845918482,0.00679354013858446,0.092044419135043,211.331281038018,-0.00527437663933834,-0.0086641661024539,13.9430356,4,7.25182102026397,0.633383356205484,63.9873433356762,0.0678103257886568,0.143344869140178,83.4942117695154,0.0285223517255376,0.00325263036538885,13.9430356,4,7.38718040838346,0.724044023807684,72.461549348885,0.0743864635946352,0.196401548921596,41.1789509285537,0.0415450376244149,0.047491706690747,13.9430356,4,3.66666666666667,4.86460376459871,0.489898019071745,45.6324801740591,0.107561096634718,0.0997598547919891,71.3130889005486,0.0155497707801053,0.0052593480959354,13.9430356,3,18.2480562228644,0.567737871154428,58.1708989439368,0.13468857313257,0.127382108834721,105.212224197959,0.0206498251284343,-0.00561516449826256,13.9430356,3,3,15.4940933907776,0.647797528950699,66.1457019167869,0.187798412406492,0.321317139214621,121.729923443876,0.0374685973992484,-0.0231681188685477,13.9430356,3,NA,NA,NA,NA,NA,NA,NA,NA,NA,NA,0.00399652135874225,0.490926923192908,66.3737905907562,5.07419589930334e-05,0.00392594214688157,328.570964860323,-0.000979709185421961,0.00160319384483494,13.9430356,8,5.5
"OO1",0.0222102218349493,0.883961096436104,88.8642610749864,NA,0.00548679429385721,227.839076701314,-0.00217370910094084,-0.00196829932006838,16.1391016,35,0.0212970116969242,0.887009787416893,89.0319479366211,NA,0.00778625242640067,234.095120901669,-0.00310617804461557,-0.00224890105557164,16.1391016,36,0.00727549932406144,0.885212743007022,89.1215995358934,NA,0.011511556220575,91.0916075564414,0.00608898483837075,-0.000116022266555221,16.1391016,24,0.0548879808222085,0.738451494416773,74.9319738775954,NA,0.00936216212669951,68.4881211253704,0.00339693315679189,0.00133890117115863,16.1391016,28,0.00398619740559525,0.597241237450614,59.855422699775,4.62857846522859e-05,0.00748544345762593,286.334050068681,-0.00188465876503105,0.000552328801269091,16.1391016,10,0.00847451141807218,0.672608072185674,75.1760698361772,NA,0.00844657657269536,70.4439859945405,0.00196470364331713,0.00069790041191166,16.1391016,31,0.00792126234843548,0.830002060614841,84.448474892713,NA,0.006771602314924,25.0724530598621,0.00141563729774712,0.0030258482714079,16.1391016,30,25.7777777777778,0.00625469157657244,0.781086126768859,78.899800575111,NA,0.00591707919657218,72.9715139879658,0.00136462520637014,0.000417949780487633,16.1391016,22,NA,NA,NA,NA,NA,NA,NA,NA,NA,NA,22,0.022702892569518,0.723581326671805,81.4693074123656,NA,0.00551966528405881,139.075805655252,0.00133426908821655,-0.00153900870205182,16.1391016,36,NA,NA,NA,NA,NA,NA,NA,NA,NA,NA,NA,NA,NA,NA,NA,NA,NA,NA,NA,NA,36
"P1",0.734831999024698,0.890961410288018,89.5990930740111,NA,0.0433693567982432,224.657830712252,-0.00983971818430818,-0.00995795088689594,14.95893134,11,0.738022368876193,0.893757091368923,89.7699703054973,NA,0.0488326112916529,235.480865497528,-0.0117390283645438,-0.00807378416480704,14.95893134,11,1.7881204883065,0.861008257707958,86.7420999707466,0.0218884619167216,0.104110236927902,35.3169579758313,0.018404742929704,0.0259776442030322,14.95893134,6,0.95746530495241,0.712422265047138,72.2181933399348,0.0147133786854032,0.0690168199865745,85.657962776776,0.0160592260058548,0.00121934899867899,14.95893134,8,0.114715787498834,0.596146471483974,59.7595101258667,0.00182712322710674,0.0235524497258392,246.17224817353,-0.00340656386163331,-0.00150444508261681,14.95893134,6,0.413938145053343,0.641984958718717,68.6037711257324,0.0170392012894184,0.0546044460852356,100.797502671376,0.0121747765538246,-0.00232191287441884,14.95893134,7,1.55907518583968,0.815947019942589,81.6325445200928,0.015404945889025,0.0833553394230683,29.0063731072952,0.0121222238446275,0.0218633350835132,14.95893134,7,7.77777777777778,NA,NA,NA,NA,NA,NA,NA,NA,NA,NA,2.72135959869832,0.545639043920765,67.1109754391239,NA,0.0551302756101191,110.097575098102,0.00873087578847227,-0.00319462783271573,14.95893134,12,12,7.41444146326907,0.716729694637518,73.5601433800559,0.0477832354068619,0.0816865896023993,123.887090368005,0.0138473084511951,-0.00930047695793782,14.95893134,4,0.938910231393398,0.759398070375195,65.9870148229396,0.00690769189340785,22.8082513336197,269.352130828745,-0.0183572439461085,-0.000207582468137612,14.95893134,3,NA,NA,NA,NA,NA,NA,NA,NA,NA,NA,3.5
"phi1",0.0185917893666353,0.891002921801895,89.6176848633777,NA,0.00095187752810554,272.47346651975,-0.000384177266512963,1.6595294960088e-05,15.12320586,58,0.024163005366629,0.892532612678096,89.7941333108639,NA,0.010031617197859,10.3297614895558,0.000663161799822597,0.00363839967067283,15.12320586,30,0.07986331084912,0.884650869997215,89.2014628467425,NA,0.0194119678979109,33.482180359032,0.00421994886408026,0.00637995757046315,15.12320586,18,0.018702295516831,0.738119139359165,74.9506761731122,NA,0.00927057937587398,239.649646008651,-0.00238551438186827,-0.00139679587734674,15.12320586,30,0.000738122494678167,0.599173545876879,59.9190689502117,NA,0.000351544652864879,169.040679654546,1.42802370296952e-05,-7.37449506443383e-05,15.12320586,57,1.35260647214453e-05,0.671827827554775,75.1760833622419,NA,0.0221270938812206,276.50693896571,-0.0052806477326841,0.00060230165012755,15.12320586,17,0.00408465237595982,0.830007339845817,84.4525595450889,NA,0.00732945590482587,242.200501154815,-0.00242691503487247,-0.00127954001251955,15.12320586,29,36.2222222222222,NA,NA,NA,NA,NA,NA,NA,NA,NA,NA,NA,NA,NA,NA,NA,NA,NA,NA,NA,NA,NA,0.586232147681533,0.716883352304051,82.0555395600471,NA,0.0125022100917267,273.038940560882,-0.00390072183183194,0.000207086635813138,15.12320586,19,0.13849586010414,0.760549196895331,66.2837603476016,0.00173087149249468,0.0629922156000159,165.756044321303,0.0037380945705251,-0.0147252935284038,15.12320586,5,0.00763766372675148,0.490902277511742,66.3697940693974,6.56957563491688e-05,0.00318868299963735,218.170510448239,-0.000935194792471008,-0.00118968004689593,15.12320586,7,10.3333333333333
"pi1",0.18339745990042,0.893323487779267,89.8010823232781,NA,0.0219616592370073,309.312484453288,-0.00560596708598608,0.00459047109139833,14.91786467125,18,0.168066828307008,0.894758346427525,89.9622001391709,NA,0.0204194368655445,308.842110849547,-0.0048452416841219,0.00390154100622278,14.91786467125,23,0.0128799146332678,0.884370953836014,89.2143427613757,NA,0.0150676684645805,282.30772644597,-0.00490051905351193,0.00106917822898032,14.91786467125,21,0.062385766564623,0.737628511126133,75.0130619396768,NA,0.00922362568008701,121.647886987545,0.00199622424474746,-0.00123038640381318,14.91786467125,31,0.0106765144200795,0.599097010688436,59.9297454646317,NA,0.00853259310828181,259.312072270117,-0.00140694093532764,-0.000265537234233614,14.91786467125,11,0.00562751115622269,0.672072478869297,75.1817108733981,NA,0.00331880526915925,70.3521810134141,0.00078045310180098,0.000278641022745992,14.91786467125,47,6.01701105571907e-05,0.829725142410304,84.4526197151995,NA,0.0101719886931773,50.6206348267317,0.00247763687701321,0.00203365995329347,14.91786467125,22,23.8888888888889,NA,NA,NA,NA,NA,NA,NA,NA,NA,NA,NA,NA,NA,NA,NA,NA,NA,NA,NA,NA,NA,0.00115713853709292,0.712697089283979,82.0566966985842,NA,0.00531666367925243,33.9034792910639,0.000649672300989695,0.000966687569400781,14.91786467125,37,NA,NA,NA,NA,NA,NA,NA,NA,NA,NA,NA,NA,NA,NA,NA,NA,NA,NA,NA,NA,37
"psi1",0.011760043627081,0.89278599832238,89.8128423669052,NA,0.0098030249701257,145.142600765951,0.0018653177485505,-0.00267811156965219,15.08213526875,24,0.0638699279584903,0.895111760229251,90.0260700671294,NA,0.037986133529796,147.485399754875,0.00605434703042832,-0.00949807928357185,15.08213526875,14,0.0626569410378862,0.88836726899435,89.2769997024136,NA,0.0453378879892884,139.609708399218,0.00948973410948423,-0.0111542285884365,15.08213526875,11,0.072114222050724,0.738019920703106,75.0851761617276,NA,0.0132913239734817,21.026371417217,0.0012014474903575,0.00312557704105961,15.08213526875,23,0.0117935411675649,0.599190910890488,59.9415390057993,NA,0.00491447778339147,279.699866152484,-0.000800586922228246,0.000136844903852149,15.08213526875,18,0.263208994987769,0.66983858315363,75.4449198683859,NA,0.00937439875464395,124.856543594679,0.00189713773692827,-0.00132132359637025,15.08213526875,29,0.000723462944834382,0.829720692566235,84.4533431781443,NA,0.000460728030404527,171.167777122831,2.26676776556395e-05,-0.000145881575109548,15.08213526875,61,24.5555555555556,NA,NA,NA,NA,NA,NA,NA,NA,NA,NA,NA,NA,NA,NA,NA,NA,NA,NA,NA,NA,NA,0.0319818554376606,0.724363995439519,82.0886785540218,NA,0.0144320906568631,84.2704313836958,0.00297044484671359,0.000298038120806491,15.08213526875,17,NA,NA,NA,NA,NA,NA,NA,NA,NA,NA,NA,NA,NA,NA,NA,NA,NA,NA,NA,NA,17
"Q1",0.343173013007643,0.896124826640896,90.1560153799128,NA,0.0337668902576128,182.703565398819,-0.000627233110206857,-0.0132828796525274,13.398660978,14,0.363801380430892,0.898627020055441,90.3898714475603,NA,0.0371483832568565,191.13464541719,-0.00255727562016979,-0.0129929513484844,13.398660978,15,0.324984154173775,0.891666734383807,89.6019838565874,NA,0.0360865190587962,50.562592989531,0.0109248300291138,0.00898570794857442,13.398660978,12,0.49730250941429,0.743252420223052,75.5824786711418,NA,0.0363590521170414,51.9068454373007,0.0082729646144602,0.00648523690479184,13.398660978,13,0.0280548530636865,0.596875786497329,59.8439118897572,0.000258623476608306,0.00827052422439532,217.271319026708,-0.00101246714814632,-0.00133043415663852,13.398660978,8,0.379011742384014,0.672317366873136,75.8239316107699,NA,0.0183596107982318,58.2952017692058,0.00377021684645183,0.00232896957864343,13.398660978,19,0.277365764599105,0.83246521168599,84.7307089427434,NA,0.0326172763386392,30.746416348598,0.00616464080884573,0.0103633046880784,13.398660978,11,12.5555555555556,0.465365482423336,0.673040920213407,72.9155871660114,0.0186343270394733,9.93279009492445,132.74735672074,0.0212695481583275,-0.0196595484352229,13.398660978,9,0.192058588782622,0.540513640304434,63.4928459220389,0.000890253395245984,0.0568174229227481,331.510064414651,-0.00515606687891152,0.00950027309508198,13.398660978,10,9.5,1.84455588490481,0.730620822543705,75.4046992649608,0.0194179162970586,0.0251178897206292,95.829157587555,0.00707958276138193,-0.000722757924452264,13.398660978,5,0.000193204442425826,0.759101143707971,66.5052904568303,1.96161093072796e-05,0.00796857427823236,258.126905596845,-0.00218912115932108,-0.000460246646850863,13.398660978,9,NA,NA,NA,NA,NA,NA,NA,NA,NA,NA,7
"R2",0.17521743805913,0.867212287093384,87.8729012090563,0.00101504177929863,0.0698550944391097,254.10050448715,-0.0211317649675832,-0.0060193404369468,30.04106660875,8,0.0749967227640657,0.89901700617639,90.4648681703243,NA,0.00926552583201817,11.2579769852876,0.00056104500838275,0.00281851285555913,30.04106660875,32,0.0522386165394162,0.891299354569833,89.6542224731268,NA,0.00868277958756634,251.792236664855,-0.00278784226460571,-0.000917014491591713,30.04106660875,31,0.0108936499232907,0.743181531412361,75.5933723210651,NA,0.00932249139709734,179.629934210959,1.52925507451754e-05,-0.0023676504488905,30.04106660875,29,9.88062929998314e-05,0.599198531862738,59.9416378120923,NA,0.00272255568191887,96.2894676122913,0.000475688909947243,-5.24280371400195e-05,30.04106660875,33,0.109078566556548,0.67560530540051,75.9330101773265,NA,0.0131783347109434,279.533160793647,-0.00317933841320328,0.000533930587599186,30.04106660875,23,0.00299367737782419,0.832494036188905,84.7337026201212,NA,0.00401048641132134,225.624059728233,-0.000913780751623952,-0.000894088843515889,30.04106660875,41,28.7777777777778,2.16892677103239,0.737756383620046,75.0845139370438,0.0142636564735452,0.135146700177324,234.141462972973,-0.0150906419223167,-0.0109071686996461,30.04106660875,10,NA,NA,NA,NA,NA,NA,NA,NA,NA,NA,10,0.244903538619434,0.719242897619165,82.3335820926413,NA,0.0101057447329228,25.6315397229754,0.00100356658039684,0.00209164945285082,30.04106660875,23,0.0243281362452151,0.759061300063791,66.5050972523879,0.000152689395920821,0.0108282961685456,125.242173375844,0.00208862469443479,-0.00147566622856384,30.04106660875,8,NA,NA,NA,NA,NA,NA,NA,NA,NA,NA,15.5
"rain",0.00797085752554318,0.875165486214602,87.9226607855494,0.000251799259870422,NA,NA,NA,NA,NA,10,0.156545639670505,0.874529023372405,87.7170811298391,0.00184221464871986,NA,NA,NA,NA,NA,10,0.0213241658907192,0.879519246412108,88.4471149188958,0.000368636917962357,NA,NA,NA,NA,NA,10,9.68698562014956,0.509979815852842,49.5471873456225,0.104780606582308,NA,NA,NA,NA,NA,3,56.6830911774254,0.57209539740883,56.6830911774254,0.56936460920789,NA,NA,NA,NA,NA,1,1.90935182189539,0.572788260413451,56.7355223154123,0.103028102193574,NA,4,NA,NA,NA,3,1.1659081664883,0.815944940853933,82.7984526865811,0.0113579072631955,NA,NA,NA,NA,NA,8,5.44444444444444,0.0268389742481786,0.696194591881963,65.4541294555526,0.0504943637488201,NA,NA,NA,NA,NA,6,0.01808757594619,0.55289068307997,63.3007873332562,0.00127640691730635,NA,NA,NA,NA,NA,9,7.5,0.0119192725852798,0.726374115810982,79.6634802531008,0.00449713378891011,NA,10.3297453745155,NA,NA,NA,10,27.2265871573659,0.753205695255746,27.2265871573659,0.564237898453665,NA,0.6,NA,NA,NA,1,2.25547240526817,0.492892336110508,2.25547240526817,0.313973273683683,NA,500,NA,NA,NA,1,4
"rho1",0.00238536666401375,0.896085542912658,90.1584007465769,NA,0.00779956569502209,242.264872994089,-0.00279290081434852,-0.00146849065683751,13.471514482,27,0.00015762246435655,0.898898782976152,90.4650257927887,NA,0.00711128680435621,251.64201283361,-0.00254078638882908,-0.000843138411746766,13.471514482,40,0.00122357529152802,0.890988670344966,89.6554460484183,NA,0.00944455787655517,159.878763465859,0.00131775869764074,-0.00359681345580573,13.471514482,29,0.0336040496352003,0.743638464701584,75.6269763707003,NA,0.00558040285710733,33.75170323257,0.000947275930144758,0.00141760738738249,13.471514482,37,0.00501757511402732,0.599294941763559,59.9466553872063,NA,0.00736527924424862,242.648174017726,-0.00133619187225814,-0.000691191376416765,13.471514482,12,0.0233292103955193,0.675876674857365,75.956339387722,NA,0.00436638395160122,131.986680640545,0.000807442812664227,-0.000726684965218424,13.471514482,40,0.00689748619371448,0.832525027864339,84.740600106315,NA,0.00816715142687771,31.8126723873993,0.00163160957510733,0.00263021773261873,13.471514482,25,28.7777777777778,6.10709230848541,0.589787008064383,71.561221764038,0.0255136213311616,0.152223346692059,17.321079319998,0.00808356390986083,0.0259197452840207,13.471514482,7,0.318656350938478,0.594810398869382,63.0610636132153,0.00335645907482011,0.0495556166593427,79.4583510954621,0.00933620652325273,0.00173738425714378,13.471514482,7,7,0.0698186304102213,0.714117575100168,82.4034007230515,NA,0.0152904793715665,115.248871907436,0.00385019336843551,-0.00181577641343643,13.471514482,16,0.000941708131498226,0.759450292636775,67.7084278081372,NA,0.00534112995831093,61.0885139890339,0.00133389165271054,0.00073669668242683,13.471514482,14,NA,NA,NA,NA,NA,NA,NA,NA,NA,NA,15
"S1",0.640401713262211,0.860559171144232,86.1676249851255,0.00985888074775141,0.0684600872183311,204.374152080191,-0.00892054001331406,-0.019688826446743,14.99999997,5,0.739610424866926,0.873026414894747,87.3734060386397,0.00475443854876408,0.0664109035324064,224.886357221329,-0.0134572873469993,-0.0135107769724063,14.99999997,8,0.432516381276287,0.877239718466122,88.2102333996366,0.00221779026462276,0.0518389996540948,222.107489195799,-0.0111301708752938,-0.0123147678788243,14.99999997,8,0.212353035648628,0.744373454079617,75.839329406349,NA,0.00857499097720208,21.9928088658267,0.000815580243564139,0.00201936160718317,14.99999997,32,0.00752461261219604,0.597182921182086,59.8514365023694,0.000149294717854598,0.0175286563395595,261.930567169813,-0.00278466143767058,-0.000394800424108527,14.99999997,9,0.308893622600453,0.671042800926599,76.2652330103224,NA,0.014419714862428,334.939885414934,-0.00148554894310009,0.00317706292483641,14.99999997,21,0.0136523252541387,0.832661347022293,84.7542524315691,NA,0.0095820979003331,356.304842579359,-0.000196182363982557,0.00303771443587574,14.99999997,23,16.3333333333333,NA,NA,NA,NA,NA,NA,NA,NA,NA,NA,NA,NA,NA,NA,NA,NA,NA,NA,NA,NA,NA,0.0736957574894615,0.495446402819956,50.6516085260093,0.21972870610137,0.0269094978037762,51.7582989144531,0.00631565488903244,0.00497737773302433,14.99999997,2,0.105443141393234,0.758763108812234,66.4807691161426,0.000924794928255144,0.0233957660435642,190.759557747847,-0.000990096395700391,-0.0052102448685271,14.99999997,7,NA,NA,NA,NA,NA,NA,NA,NA,NA,NA,4.5
"S2",0.669050229047753,0.865612831511822,87.6976837709972,0.00596741278441365,0.128290874418925,356.231841586636,-0.00246191155547099,0.0373799871334347,29.99999994,7,1.19366129252733,0.866083676984864,86.6337956137727,0.0107197436268887,0.0752743758769673,344.279756222927,-0.00572236033688949,0.0203303686061338,29.99999994,7,1.03561704761373,0.871276209398087,87.7777170183603,0.00933618920688863,0.077069364853758,50.65136038123,0.0186401541012036,0.0152832326966988,29.99999994,7,0.558198783971885,0.725419873646317,73.4861953367968,0.00580120695005406,0.0477379868732496,98.7070608056974,0.0111830140499017,-0.00171265204510692,29.99999994,10,0.00969899039649832,0.599386460958106,59.9563543776028,NA,0.00551081132121717,9.55976974403611,0.000158620749397609,0.000941843494348973,29.99999994,15,0.876253796933469,0.655297351950366,72.1783274100246,0.00970166357613104,0.0388687290220683,133.91442923019,0.00639409338670931,-0.0061562757923025,29.99999994,10,1.15586733423111,0.827497741547276,83.9543200208122,0.0109764376304089,0.0709006040164868,1.93103937127297,0.000720523254089876,0.0213705168028047,29.99999994,9,10,0.888999919550116,0.572383857715433,72.4502216835881,0.0230957324444598,0.146849564325504,78.8280911581897,0.018772967412314,0.00370758364657279,29.99999994,8,1.78784026651297,0.592206655903859,62.7424072622768,0.0172876515287034,0.100452613369181,114.661767572224,0.0133608884367483,-0.00613452381249693,29.99999994,6,7,0.942492081058203,0.726101700964413,83.3458928041097,NA,0.029952245308806,173.332602149374,0.000810717355634588,-0.00693536269820822,29.99999994,11,0.0915656271478478,0.761387611700507,66.3753259747494,0.00105491856733855,0.034728295911139,299.360135754056,-0.00716080870859042,0.00402834683877921,29.99999994,6,0.0345351887670387,0.490876819071112,66.3621564056707,0.000360681092287721,32.1761328969082,197.119957211882,-0.00348920624984379,-0.0113278011511487,29.99999994,6,7.66666666666667
"S4",0.000265487562856145,0.89606002950679,90.1586662341397,NA,0.00403114406448433,172.000144019535,0.000196464466442194,-0.00139794281251054,59.99999988,41,0.00160895510319485,0.898912046584534,90.4666347478919,NA,0.00232833445156966,232.683258246013,-0.000598474436158174,-0.00045619176446921,59.99999988,54,2.19185073672984e-05,0.890952594125387,89.6554679669257,NA,0.00392295071213607,319.752020744238,-0.000872871197810114,0.00103115084520473,59.99999988,44,0.000801608140302062,0.744348835630885,75.8401310144893,NA,0.00387390694497981,351.777452254681,-0.000137057546047342,0.000948469343053124,59.99999988,42,0.000328189999436638,0.599384300523033,59.9566825676023,NA,0.00234614429944972,149.014197202062,0.000211770483974179,-0.000352643171553991,59.99999988,39,0.00168431295554748,0.671043235600947,76.266917323278,NA,0.00183212611338336,341.686746431993,-0.000137721094313774,0.000416107218442725,59.99999988,52,7.01796712843286e-05,0.832654433237921,84.7543226112404,NA,0.00228362607220923,216.643510696288,-0.000420295376282463,-0.000565031262880793,59.99999988,51,44.8888888888889,0.145463641306397,0.78182708203781,79.0452642164174,NA,0.0126242581533725,139.847601575051,0.00133864024093539,-0.00158673891881032,59.99999988,20,0.00699586094358915,0.545511208010047,67.1179713000675,NA,0.00528254491165053,329.559265318963,-0.000524694002407248,0.000892864275607398,59.99999988,25,22.5,0.00606867187837329,0.726006263318599,83.3519614759881,NA,0.00145750264757744,346.396893437305,-8.77600320652969e-05,0.000362670455004234,59.99999988,55,NA,NA,NA,NA,NA,NA,NA,NA,NA,NA,NA,NA,NA,NA,NA,NA,NA,NA,NA,NA,55
"Sa",0.0291252878681453,0.896772807626119,90.1877915220079,NA,0.0212452706807036,37.4520941039944,0.00409338072183105,0.00534384306210954,0.04106863,19,1.2446552196755,0.854150968033419,85.4401343212454,0.0222385723339882,0.0727010247831737,236.329190561989,-0.016360445185198,-0.01089902220064,0.04106863,6,8.80342893374381e-09,0.892045297990212,89.6554679757291,NA,0.0276391316800665,209.850782462038,-0.00459295493614084,-0.00800329463730052,0.04106863,16,5.25609156466379,0.649099169590569,64.3325406508129,0.055762899914505,0.117527042342186,209.034127352131,-0.0130994579985383,-0.023598887038794,0.04106863,5,2.37664824973021,0.598649256193762,62.3333308173325,NA,0.00487073849680729,342.147230644103,-0.00028468573616593,0.000883894533057393,0.04106863,19,0.562987015888924,0.635070250567491,69.1667581416213,0.0152216648420919,0.108063981836022,259.168581782299,-0.018804805367824,-0.00359789646898579,0.04106863,8,5.40276139715268,0.778284041657794,77.8643107460377,0.0520134817248932,0.162552004797885,261.198722830988,-0.0456947877216127,-0.00707496987021785,0.04106863,5,11.3333333333333,NA,NA,NA,NA,NA,NA,NA,NA,NA,NA,0.186994709872901,0.5486467756399,67.3049660099404,NA,0.0222082169116064,292.030139321942,-0.00527330484664673,0.00213378086645023,0.04106863,20,20,2.5303865728466,0.71968737766375,77.9350858378073,0.0165643855155548,0.248443808520575,181.271165624454,-0.000835458478394443,-0.0376507904979868,0.04106863,6,11.1036431989105,0.758097666270987,78.8120710070477,NA,0.00668943022732145,116.699975533797,0.00150679862915762,-0.000757839953004395,0.04106863,12,63.2640620901516,0.494128835220522,65.5195344954198,0.295951198154898,0.00612307906326487,237.116457430055,-0.00213790234555281,-0.00138220012771235,0.04106863,2,6.66666666666667
"sig1",0.000562518101677993,0.896731057019046,90.1883540401095,NA,0.00543343425321309,215.1822566899,-0.00127402445921405,-0.00180723271089359,12.92713986,36,0.00268793692419024,0.898905539745561,90.4693226848161,NA,0.00672533137721645,239.020222881842,-0.0021728356027588,-0.00130452776948352,12.92713986,42,1.30180112280075e-06,0.892020419936803,89.6554692775303,NA,0.00341037789724242,310.25085103189,-0.00106683427730521,0.000903169084314791,12.92713986,49,0.000740535946646912,0.744322335397994,75.8408715504359,NA,0.00290237971954633,180.863118621627,-1.34252578505711e-05,-0.000891131771921625,12.92713986,50,0.000108962643492042,0.598617978144155,62.333439779976,NA,0.0039071282599156,268.580148764047,-0.000815305279883541,-2.02082813311289e-05,12.92713986,25,0.00748080085149595,0.670997371581922,76.2743981241295,NA,0.00391238033099793,212.902179419136,-0.000529629533241761,-0.000818614332235347,12.92713986,43,0.00475222291847977,0.832689803109678,84.7590748341589,NA,0.00647562883075961,101.310450316268,0.00241515751784379,-0.000483054205062394,12.92713986,32,39.1111111111111,NA,NA,NA,NA,NA,NA,NA,NA,NA,NA,NA,NA,NA,NA,NA,NA,NA,NA,NA,NA,NA,0.0103947295590833,0.725821991913883,83.3623562055472,NA,0.00520245291737744,88.2230710936311,0.00152269825727253,4.72389830793754e-05,12.92713986,38,NA,NA,NA,NA,NA,NA,NA,NA,NA,NA,NA,NA,NA,NA,NA,NA,NA,NA,NA,NA,38
"Ssa",0.861008556823973,0.868645088131225,87.0286335419495,0.00865298964252333,0.0755740199371375,43.0325693772229,0.0168771184496349,0.0180778801405239,0.08213726,6,3.70692931937308,0.816421001472699,81.7604320386599,0.0283050422194032,0.107942275872748,84.7367260155735,0.0289309573233843,0.00266514083484924,0.08213726,4,3.11583249978828,0.815664119962752,82.0724697264352,0.0309995830065447,0.0875368010101704,65.2593549104306,0.0262169561798928,0.0120809924565492,0.08213726,4,5.28155505277963,0.688122069623376,69.6140957035925,0.041094563309751,0.0909962429293389,108.59695380517,0.0196282983476768,-0.00660449047035564,0.08213726,6,0.309641792007479,0.598162041444339,62.6430815719834,NA,0.00132497683629398,189.611135212858,-3.98844292075696e-05,-0.00023553251685502,0.08213726,48,4.09911526215457,0.635459821873905,68.1898329806791,0.0191240907480703,0.125063072219553,155.816569905169,0.0112449948453923,-0.0250406139058852,0.08213726,6,7.6912500471475,0.650149202040363,65.0743689405016,0.0792960790659464,0.21587849219435,156.091636471701,0.023898088992219,-0.0539078572361278,0.08213726,3,14.5555555555556,NA,NA,NA,NA,NA,NA,NA,NA,NA,NA,NA,NA,NA,NA,NA,NA,NA,NA,NA,NA,NA,6.3137741946073,0.727469859344132,89.6761304001545,NA,0.020613083399264,145.55886420766,0.00201313341302959,-0.00293558376002272,0.08213726,13,37.8215174341803,0.751999349136808,65.0481045915462,0.190645660027918,0.0129917898091236,264.711572431482,-0.00305838248261787,-0.000283094537453109,0.08213726,2,0.355449277671392,0.490192198373181,65.8749837730912,0.0563125450863518,0.0112592459549928,352.977300923886,-0.000564339139429588,0.00458116839313481,0.08213726,3,6
"T2",0.303905389813991,0.901675031261844,90.4922594299235,NA,0.0309938555878313,338.860740882991,-0.00366501068897585,0.0094787541364521,29.95893327125,16,0.0166411266577217,0.898897340364587,90.4859638114738,NA,0.0133334746689981,265.768820028212,-0.00409061721822661,-0.00030263433126306,29.95893327125,27,0.0816810871108331,0.892720942529123,89.7371503646411,NA,0.0108042386142471,55.0618337222155,0.00296930104085913,0.00207435497613355,29.95893327125,26,0.00165404638205925,0.744308668791932,75.842525596818,NA,0.00162126513808636,133.498054317801,0.000302557217924435,-0.000287096552984937,29.95893327125,56,0.000171960193348217,0.598176469448591,62.6432535321768,NA,0.00379897874933495,91.218670892572,0.000673641857217742,-1.43304018749868e-05,29.95893327125,26,0.185538765043322,0.671714046708344,76.4599368891728,NA,0.00638939671090469,53.8198435376306,0.00128390601868589,0.00093899447921686,29.95893327125,36,0.0203411571637079,0.832892348110609,84.7794159913226,NA,0.00844554797685485,309.394040623241,-0.00206456596118289,0.00169549400727686,29.95893327125,24,32.5555555555556,NA,NA,NA,NA,NA,NA,NA,NA,NA,NA,NA,NA,NA,NA,NA,NA,NA,NA,NA,NA,NA,0.160320068144094,0.725879624597485,89.8364504682986,NA,0.0102929703138986,36.8924689616927,0.00155110213746767,0.00206643972140493,29.95893327125,22,NA,NA,NA,NA,NA,NA,NA,NA,NA,NA,NA,NA,NA,NA,NA,NA,NA,NA,NA,NA,22
"the1",0.000182941791570527,0.901630812828019,90.4924423717151,NA,0.00485837655627499,82.45768188318,0.00193442152986006,0.00025612507627338,15.512589718,38,0.00103468086326158,0.898833412367656,90.4869984923371,NA,0.00705823231337515,69.3380616341914,0.00245115728158718,0.0009243548179806,15.512589718,41,0.00197147777107804,0.892322923019285,89.7391218424122,NA,0.0164627051648421,261.097320329295,-0.00642892485439637,-0.00100705081610991,15.512589718,19,0.00471544798851631,0.7443116253818,75.8472410448065,NA,0.00290339060907971,206.862980375018,-0.000397335172585075,-0.000784446173812943,15.512589718,49,0.00606319866147277,0.598169014288101,62.6493167308383,NA,0.00207326851514555,126.593063649145,0.000351177060839314,-0.000260741144912391,15.512589718,43,0.00722592646005987,0.671783942238627,76.4671628156329,NA,0.00363966373157083,11.2262457564645,0.000177081301051022,0.0008921807919805,15.512589718,45,0.00130202736382524,0.832886681699201,84.7807180186864,NA,0.000475878104705305,220.450104528485,-0.00011715165438786,-0.000137409089607708,15.512589718,60,43,NA,NA,NA,NA,NA,NA,NA,NA,NA,NA,NA,NA,NA,NA,NA,NA,NA,NA,NA,NA,NA,0.559282489399998,0.732121230953899,90.3957329576986,NA,0.0178244082047585,117.987930176819,0.00442417466452358,-0.00235118005479992,15.512589718,15,NA,NA,NA,NA,NA,NA,NA,NA,NA,NA,NA,NA,NA,NA,NA,NA,NA,NA,NA,NA,15
